Workbook

Sheet 学年度总表
A1: 年级排名 | B1: 专业排名 | C1: 专业 | D1: 班级 | E1: 学号 | F1: 姓名 | G1: 大一上 | K1: 大一下 | O1: 学年总分 | P1: 奖学金 | Q1: 备注
G2: 品德总分 | H2: 学业总分 | I2: 文体总分 | J2: 综测总分 | K2: 品德总分 | L2: 学业总分 | M2: 文体总分 | N2: 综测总分
A3: =COUNTIFS($C$3:$C$1025,"<>大数据",$O$3:$O$1025,">"&O3)+1 -> 1 | B3: =COUNTIFS($C$3:$C$1025,C3,$O$3:$O$1025,">"&O3)+1 -> 1 | C3: 网工 | D3: 网工15班 | E3: 250451518 | F3: 单禹霖 | G3: 13.5 | H3: 69.67 | I3: 7.1 | J3: =ROUND(SUM(G3:I3),2) -> 90.27 | K3: 13 | L3: 68.43 | M3: 9 | N3: =ROUND(SUM(K3:M3),2) -> 90.43 | O3: =ROUND(SUM(J3,N3),2) -> 180.7 | P3: 国奖
A4: =COUNTIFS($C$3:$C$1025,"<>大数据",$O$3:$O$1025,">"&O4)+1 -> 2 | B4: =COUNTIFS($C$3:$C$1025,C4,$O$3:$O$1025,">"&O4)+1 -> 1 | C4: 软工 | D4: 软工14班 | E4: 250451433 | F4: 王奕茗 | G4: 9.8 | H4: 72.02 | I4: 5.1 | J4: =ROUND(SUM(G4:I4),2) -> 86.92 | K4: 11.3 | L4: 73.5 | M4: 8.05 | N4: =ROUND(SUM(K4:M4),2) -> 92.85 | O4: =ROUND(SUM(J4,N4),2) -> 179.77 | P4: 国奖
A5: =COUNTIFS($C$3:$C$1025,"<>大数据",$O$3:$O$1025,">"&O5)+1 -> 3 | B5: =COUNTIFS($C$3:$C$1025,C5,$O$3:$O$1025,">"&O5)+1 -> 1 | C5: 计科 | D5: 计科二班 | E5: 250450215 | F5: 薛继来 | G5: 10.8 | H5: 73.066667 | I5: 4.2 | J5: =ROUND(SUM(G5:I5),2) -> 88.07 | K5: 10.8 | L5: 74.71 | M5: 5.7 | N5: =ROUND(SUM(K5:M5),2) -> 91.21 | O5: =ROUND(SUM(J5,N5),2) -> 179.28 | P5: 省奖
A6: =COUNTIFS($C$3:$C$1025,"<>大数据",$O$3:$O$1025,">"&O6)+1 -> 4 | B6: =COUNTIFS($C$3:$C$1025,C6,$O$3:$O$1025,">"&O6)+1 -> 2 | C6: 软工 | D6: 软工12班 | E6: 250451226 | F6: 刘航绮 | G6: 12.5 | H6: 69.19 | I6: 6.9 | J6: =ROUND(SUM(G6:I6),2) -> 88.59 | K6: 11 | L6: 70.12 | M6: 8.5 | N6: =ROUND(SUM(K6:M6),2) -> 89.62 | O6: =ROUND(SUM(J6,N6),2) -> 178.21 | P6: 省奖
A7: =COUNTIFS($C$3:$C$1025,"<>大数据",$O$3:$O$1025,">"&O7)+1 -> 5 | B7: =COUNTIFS($C$3:$C$1025,C7,$O$3:$O$1025,">"&O7)+1 -> 3 | C7: 软工 | D7: 软工9班 | E7: 250450916 | F7: 夏艺洋 | G7: 10.3 | H7: 75 | I7: 5.1 | J7: =ROUND(SUM(G7:I7),2) -> 90.4 | K7: 10.8 | L7: 70.45 | M7: 6.5 | N7: =ROUND(SUM(K7:M7),2) -> 87.75 | O7: =ROUND(SUM(J7,N7),2) -> 178.15 | P7: 校一等
A8: =COUNTIFS($C$3:$C$1025,"<>大数据",$O$3:$O$1025,">"&O8)+1 -> 6 | B8: =COUNTIFS($C$3:$C$1025,C8,$O$3:$O$1025,">"&O8)+1 -> 4 | C8: 软工 | D8: 软工13班 | E8: 250451316 | F8: 孙远骐 | G8: 10.6 | H8: 72.84 | I8: 5.2 | J8: =ROUND(SUM(G8:I8),2) -> 88.64 | K8: 10.8 | L8: 67.92 | M8: 6.85 | N8: =ROUND(SUM(K8:M8),2) -> 85.57 | O8: =ROUND(SUM(J8,N8),2) -> 174.21 | P8: 校一等
A9: =COUNTIFS($C$3:$C$1025,"<>大数据",$O$3:$O$1025,">"&O9)+1 -> 7 | B9: =COUNTIFS($C$3:$C$1025,C9,$O$3:$O$1025,">"&O9)+1 -> 2 | C9: 网工 | D9: 网工16班 | E9: 250451631 | F9: 李辰析 | G9: 11.4 | H9: 68.99 | I9: 6.4 | J9: =ROUND(SUM(G9:I9),2) -> 86.79 | K9: 9.8 | L9: 69.46 | M9: 7.9 | N9: =ROUND(SUM(K9:M9),2) -> 87.16 | O9: =ROUND(SUM(J9,N9),2) -> 173.95 | P9: 校一等
A10: =COUNTIFS($C$3:$C$1025,"<>大数据",$O$3:$O$1025,">"&O10)+1 -> 8 | B10: =COUNTIFS($C$3:$C$1025,C10,$O$3:$O$1025,">"&O10)+1 -> 5 | C10: 软工 | D10: 软工6班 | E10: 250450614 | F10: 陈韵竹 | G10: 11.6 | H10: 73.690909 | I10: 3.5 | J10: =ROUND(SUM(G10:I10),2) -> 88.79 | K10: 9.8 | L10: 70.43 | M10: 4.9 | N10: =ROUND(SUM(K10:M10),2) -> 85.13 | O10: =ROUND(SUM(J10,N10),2) -> 173.92 | P10: 校一等
A11: =COUNTIFS($C$3:$C$1025,"<>大数据",$O$3:$O$1025,">"&O11)+1 -> 9 | B11: =COUNTIFS($C$3:$C$1025,C11,$O$3:$O$1025,">"&O11)+1 -> 1 | C11: 信管 | D11: 信管26班 | E11: 250452618 | F11: 刘嘉雯 | G11: 10.3 | H11: 72 | I11: 3.2 | J11: =ROUND(SUM(G11:I11),2) -> 85.5 | K11: 9.8 | L11: 70.95 | M11: 7.05 | N11: =ROUND(SUM(K11:M11),2) -> 87.8 | O11: =ROUND(SUM(J11,N11),2) -> 173.3 | P11: 校一等
A12: =COUNTIFS($C$3:$C$1025,"<>大数据",$O$3:$O$1025,">"&O12)+1 -> 10 | B12: =COUNTIFS($C$3:$C$1025,C12,$O$3:$O$1025,">"&O12)+1 -> 2 | C12: 计科 | D12: 计科一班 | E12: 250450119 | F12: 胡天淼 | G12: 12 | H12: 69.304878 | I12: 3.6 | J12: =ROUND(SUM(G12:I12),2) -> 84.9 | K12: 12 | L12: 70.13 | M12: 4.3 | N12: =ROUND(SUM(K12:M12),2) -> 86.43 | O12: =ROUND(SUM(J12,N12),2) -> 171.33 | P12: 校一等
A13: =COUNTIFS($C$3:$C$1025,"<>大数据",$O$3:$O$1025,">"&O13)+1 -> 11 | B13: =COUNTIFS($C$3:$C$1025,C13,$O$3:$O$1025,">"&O13)+1 -> 3 | C13: 计科 | D13: 计科一班 | E13: 250450123 | F13: 佟奕辰 | G13: 10.3 | H13: 67.902439 | I13: 4.7 | J13: =ROUND(SUM(G13:I13),2) -> 82.9 | K13: 11.3 | L13: 70.65 | M13: 6.4 | N13: =ROUND(SUM(K13:M13),2) -> 88.35 | O13: =ROUND(SUM(J13,N13),2) -> 171.25 | P13: 校一等
A14: =COUNTIFS($C$3:$C$1025,"<>大数据",$O$3:$O$1025,">"&O14)+1 -> 12 | B14: =COUNTIFS($C$3:$C$1025,C14,$O$3:$O$1025,">"&O14)+1 -> 2 | C14: 信管 | D14: 信管25班 | E14: 250452517 | F14: 赵春乔 | G14: 10.8 | H14: 69.71 | I14: 4.2 | J14: =ROUND(SUM(G14:I14),2) -> 84.71 | K14: 9.8 | L14: 68.58 | M14: 8 | N14: =ROUND(SUM(K14:M14),2) -> 86.38 | O14: =ROUND(SUM(J14,N14),2) -> 171.09 | P14: 校一等 | Q14: 转入商学院 财管
A15: =COUNTIFS($C$3:$C$1025,"<>大数据",$O$3:$O$1025,">"&O15)+1 -> 13 | B15: =COUNTIFS($C$3:$C$1025,C15,$O$3:$O$1025,">"&O15)+1 -> 4 | C15: 计科 | D15: 计科四班 | E15: 250450414 | F15: 迟钰莹 | G15: 10.8 | H15: 67.633333 | I15: 5.5 | J15: =ROUND(SUM(G15:I15),2) -> 83.93 | K15: 10 | L15: 71.75 | M15: 5.4 | N15: =ROUND(SUM(K15:M15),2) -> 87.15 | O15: =ROUND(SUM(J15,N15),2) -> 171.08 | P15: 校一等
A16: =COUNTIFS($C$3:$C$1025,"<>大数据",$O$3:$O$1025,">"&O16)+1 -> 14 | B16: =COUNTIFS($C$3:$C$1025,C16,$O$3:$O$1025,">"&O16)+1 -> 3 | C16: 信管 | D16: 信管26班 | E16: 250452627 | F16: 张舒涵 | G16: 11.3 | H16: 71.16 | I16: 4.7 | J16: =ROUND(SUM(G16:I16),2) -> 87.16 | K16: 9.8 | L16: 68.54 | M16: 5.5 | N16: =ROUND(SUM(K16:M16),2) -> 83.84 | O16: =ROUND(SUM(J16,N16),2) -> 171 | P16: 校一等
A17: =COUNTIFS($C$3:$C$1025,"<>大数据",$O$3:$O$1025,">"&O17)+1 -> 15 | B17: =COUNTIFS($C$3:$C$1025,C17,$O$3:$O$1025,">"&O17)+1 -> 6 | C17: 软工 | D17: 软工14班 | E17: 250451405 | F17: 周梓锐 | G17: 11 | H17: 73.14 | I17: 3.8 | J17: =ROUND(SUM(G17:I17),2) -> 87.94 | K17: 10 | L17: 68.5 | M17: 4 | N17: =ROUND(SUM(K17:M17),2) -> 82.5 | O17: =ROUND(SUM(J17,N17),2) -> 170.44 | P17: 校一等
A18: =COUNTIFS($C$3:$C$1025,"<>大数据",$O$3:$O$1025,">"&O18)+1 -> 16 | B18: =COUNTIFS($C$3:$C$1025,C18,$O$3:$O$1025,">"&O18)+1 -> 7 | C18: 软工 | D18: 软工7班 | E18: 250450721 | F18: 吴悠 | G18: 11.1 | H18: 69.24 | I18: 4.9 | J18: =ROUND(SUM(G18:I18),2) -> 85.24 | K18: 9.8 | L18: 68.08 | M18: 7.2 | N18: =ROUND(SUM(K18:M18),2) -> 85.08 | O18: =ROUND(SUM(J18,N18),2) -> 170.32 | P18: 校一等
A19: =COUNTIFS($C$3:$C$1025,"<>大数据",$O$3:$O$1025,">"&O19)+1 -> 17 | B19: =COUNTIFS($C$3:$C$1025,C19,$O$3:$O$1025,">"&O19)+1 -> 8 | C19: 软工 | D19: 软工7班 | E19: 250450708 | F19: 尹彦茜 | G19: 10.8 | H19: 73.7 | I19: 4 | J19: =ROUND(SUM(G19:I19),2) -> 88.5 | K19: 7.3 | L19: 70.23 | M19: 4 | N19: =ROUND(SUM(K19:M19),2) -> 81.53 | O19: =ROUND(SUM(J19,N19),2) -> 170.03 | P19: 校一等
A20: =COUNTIFS($C$3:$C$1025,"<>大数据",$O$3:$O$1025,">"&O20)+1 -> 18 | B20: =COUNTIFS($C$3:$C$1025,C20,$O$3:$O$1025,">"&O20)+1 -> 3 | C20: 网工 | D20: 网工16班 | E20: 250451615 | F20: 吕静怡 | G20: 9.8 | H20: 69.88 | I20: 5.2 | J20: =ROUND(SUM(G20:I20),2) -> 84.88 | K20: 9.8 | L20: 67.08 | M20: 7.5 | N20: =ROUND(SUM(K20:M20),2) -> 84.38 | O20: =ROUND(SUM(J20,N20),2) -> 169.26 | P20: 国励
A21: =COUNTIFS($C$3:$C$1025,"<>大数据",$O$3:$O$1025,">"&O21)+1 -> 19 | B21: =COUNTIFS($C$3:$C$1025,C21,$O$3:$O$1025,">"&O21)+1 -> 4 | C21: 信管 | D21: 信管22班 | E21: 250452220 | F21: 贺中泽 | G21: 10.8 | H21: 71.33 | I21: 4 | J21: =ROUND(SUM(G21:I21),2) -> 86.13 | K21: 10.8 | L21: 66.95 | M21: 5.35 | N21: =ROUND(SUM(K21:M21),2) -> 83.1 | O21: =ROUND(SUM(J21,N21),2) -> 169.23 | P21: 校一等
A22: =COUNTIFS($C$3:$C$1025,"<>大数据",$O$3:$O$1025,">"&O22)+1 -> 20 | B22: =COUNTIFS($C$3:$C$1025,C22,$O$3:$O$1025,">"&O22)+1 -> 5 | C22: 计科 | D22: 计科三班 | E22: 250450315 | F22: 程俊杰 | G22: 9.8 | H22: 71.232558 | I22: 5.2 | J22: =ROUND(SUM(G22:I22),2) -> 86.23 | K22: 9 | L22: 68.5 | M22: 5.2 | N22: =ROUND(SUM(K22:M22),2) -> 82.7 | O22: =ROUND(SUM(J22,N22),2) -> 168.93 | P22: 校二等
A23: =COUNTIFS($C$3:$C$1025,"<>大数据",$O$3:$O$1025,">"&O23)+1 -> 21 | B23: =COUNTIFS($C$3:$C$1025,C23,$O$3:$O$1025,">"&O23)+1 -> 4 | C23: 网工 | D23: 网工15班 | E23: 250451527 | F23: 沈乃鑫 | G23: 9.8 | H23: 67 | I23: 5.1 | J23: =ROUND(SUM(G23:I23),2) -> 81.9 | K23: 9.8 | L23: 70.02 | M23: 6.9 | N23: =ROUND(SUM(K23:M23),2) -> 86.72 | O23: =ROUND(SUM(J23,N23),2) -> 168.62 | P23: 校一等
A24: =COUNTIFS($C$3:$C$1025,"<>大数据",$O$3:$O$1025,">"&O24)+1 -> 22 | B24: =COUNTIFS($C$3:$C$1025,C24,$O$3:$O$1025,">"&O24)+1 -> 9 | C24: 软工 | D24: 软工8班 | E24: 250450825 | F24: 万雨 | G24: 11.3 | H24: 68.323529 | I24: 5.5 | J24: =ROUND(SUM(G24:I24),2) -> 85.12 | K24: 11 | L24: 67.22 | M24: 5.1 | N24: =ROUND(SUM(K24:M24),2) -> 83.32 | O24: =ROUND(SUM(J24,N24),2) -> 168.44 | P24: 校一等
A25: =COUNTIFS($C$3:$C$1025,"<>大数据",$O$3:$O$1025,">"&O25)+1 -> 23 | B25: =COUNTIFS($C$3:$C$1025,C25,$O$3:$O$1025,">"&O25)+1 -> 10 | C25: 软工 | D25: 软工14班 | E25: 250451401 | F25: 马艺方 | G25: 11.3 | H25: 69.77 | I25: 5.1 | J25: =ROUND(SUM(G25:I25),2) -> 86.17 | K25: 10.8 | L25: 66 | M25: 5.3 | N25: =ROUND(SUM(K25:M25),2) -> 82.1 | O25: =ROUND(SUM(J25,N25),2) -> 168.27 | P25: 校二等
A26: =COUNTIFS($C$3:$C$1025,"<>大数据",$O$3:$O$1025,">"&O26)+1 -> 24 | B26: =COUNTIFS($C$3:$C$1025,C26,$O$3:$O$1025,">"&O26)+1 -> 11 | C26: 软工 | D26: 软工13班 | E26: 250451324 | F26: 赵君昇 | G26: 10 | H26: 73.8 | I26: 4 | J26: =ROUND(SUM(G26:I26),2) -> 87.8 | K26: 10 | L26: 66.96 | M26: 3.5 | N26: =ROUND(SUM(K26:M26),2) -> 80.46 | O26: =ROUND(SUM(J26,N26),2) -> 168.26 | P26: 校二等
... A33: =COUNTIFS($C$3:$C$1025,"<>大数据",$O$3:$O$1025,">"&O33)+1 -> 31 | B33: =COUNTIFS($C$3:$C$1025,C33,$O$3:$O$1025,">"&O33)+1 -> 7 | C33: 信管 | D33: 信管24班 | E33: 250452426 | F33: 陈尔其 | G33: 9.8 | H33: 70.97 | I33: 5.3 | J33: =ROUND(SUM(G33:I33),2) -> 86.07 | K33: 9.8 | L33: 64.72 | M33: 5.8 | N33: =ROUND(SUM(K33:M33),2) -> 80.32 | O33: =ROUND(SUM(J33,N33),2) -> 166.39 | P33: 校一等
A34: =COUNTIFS($C$3:$C$1025,"<>大数据",$O$3:$O$1025,">"&O34)+1 -> 32 | B34: =COUNTIFS($C$3:$C$1025,C34,$O$3:$O$1025,">"&O34)+1 -> 8 | C34: 计科 | D34: 计科一班 | E34: 250450122 | F34: 张淅傲 | G34: 12.8 | H34: 66.533333 | I34: 5.8 | J34: =ROUND(SUM(G34:I34),2) -> 85.13 | K34: 11.3 | L34: 61.55 | M34: 8.4 | N34: =ROUND(SUM(K34:M34),2) -> 81.25 | O34: =ROUND(SUM(J34,N34),2) -> 166.38
A35: =COUNTIFS($C$3:$C$1025,"<>大数据",$O$3:$O$1025,">"&O35)+1 -> 33 | B35: =COUNTIFS($C$3:$C$1025,C35,$O$3:$O$1025,">"&O35)+1 -> 14 | C35: 软工 | D35: 软工12班 | E35: 250451212 | F35: 朱泓蓉 | G35: 12.8 | H35: 67.17 | I35: 5.5 | J35: =ROUND(SUM(G35:I35),2) -> 85.47 | K35: 11.3 | L35: 60.47 | M35: 9 | N35: =ROUND(SUM(K35:M35),2) -> 80.77 | O35: =ROUND(SUM(J35,N35),2) -> 166.24 | P35: 校二等
A36: =COUNTIFS($C$3:$C$1025,"<>大数据",$O$3:$O$1025,">"&O36)+1 -> 34 | B36: =COUNTIFS($C$3:$C$1025,C36,$O$3:$O$1025,">"&O36)+1 -> 8 | C36: 信管 | D36: 信管27班 | E36: 250452733 | F36: 杨众然 | G36: 9.8 | H36: 70.8 | I36: 3.2 | J36: =ROUND(SUM(G36:I36),2) -> 83.8 | K36: 9.8 | L36: 68.32 | M36: 4.2 | N36: =ROUND(SUM(K36:M36),2) -> 82.32 | O36: =ROUND(SUM(J36,N36),2) -> 166.12 | P36: 校二等
A37: =COUNTIFS($C$3:$C$1025,"<>大数据",$O$3:$O$1025,">"&O37)+1 -> 35 | B37: =COUNTIFS($C$3:$C$1025,C37,$O$3:$O$1025,">"&O37)+1 -> 5 | C37: 网工 | D37: 网工15班 | E37: 250451533 | F37: 赵一婷 | G37: 13 | H37: 64.38 | I37: 5.6 | J37: =ROUND(SUM(G37:I37),2) -> 82.98 | K37: 12 | L37: 62.04 | M37: 9 | N37: =ROUND(SUM(K37:M37),2) -> 83.04 | O37: =ROUND(SUM(J37,N37),2) -> 166.02 | P37: 校一等
A38: =COUNTIFS($C$3:$C$1025,"<>大数据",$O$3:$O$1025,">"&O38)+1 -> 36 | B38: =COUNTIFS($C$3:$C$1025,C38,$O$3:$O$1025,">"&O38)+1 -> 9 | C38: 信管 | D38: 信管21班 | E38: 250452124 | F38: 李瑞洋 | G38: 9.8 | H38: 70.14 | I38: 4.2 | J38: =ROUND(SUM(G38:I38),2) -> 84.14 | K38: 9.8 | L38: 67.27 | M38: 4.7 | N38: =ROUND(SUM(K38:M38),2) -> 81.77 | O38: =ROUND(SUM(J38,N38),2) -> 165.91 | P38: 校二等
A39: =COUNTIFS($C$3:$C$1025,"<>大数据",$O$3:$O$1025,">"&O39)+1 -> 37 | B39: =COUNTIFS($C$3:$C$1025,C39,$O$3:$O$1025,">"&O39)+1 -> 15 | C39: 软工 | D39: 软工11班 | E39: 250451103 | F39: 李沛庭 | G39: 11 | H39: 67.98 | I39: 5.2 | J39: =ROUND(SUM(G39:I39),2) -> 84.18 | K39: 10 | L39: 65.52 | M39: 6.2 | N39: =ROUND(SUM(K39:M39),2) -> 81.72 | O39: =ROUND(SUM(J39,N39),2) -> 165.9 | P39: 校二等
A40: =COUNTIFS($C$3:$C$1025,"<>大数据",$O$3:$O$1025,">"&O40)+1 -> 38 | B40: =COUNTIFS($C$3:$C$1025,C40,$O$3:$O$1025,">"&O40)+1 -> 10 | C40: 信管 | D40: 信管24班 | E40: 250452419 | F40: 刘一鸣 | G40: 9.8 | H40: 68.73 | I40: 4.9 | J40: =ROUND(SUM(G40:I40),2) -> 83.43 | K40: 9.8 | L40: 66.52 | M40: 6.1 | N40: =ROUND(SUM(K40:M40),2) -> 82.42 | O40: =ROUND(SUM(J40,N40),2) -> 165.85 | P40: 校二等
A41: =COUNTIFS($C$3:$C$1025,"<>大数据",$O$3:$O$1025,">"&O41)+1 -> 39 | B41: =COUNTIFS($C$3:$C$1025,C41,$O$3:$O$1025,">"&O41)+1 -> 11 | C41: 信管 | D41: 信管28班 | E41: 250452813 | F41: 高乃姬 | G41: 9.8 | H41: 71.86 | I41: 4.2 | J41: =ROUND(SUM(G41:I41),2) -> 85.86 | K41: 9.8 | L41: 64.76 | M41: 5.1 | N41: =ROUND(SUM(K41:M41),2) -> 79.66 | O41: =ROUND(SUM(J41,N41),2) -> 165.52 | P41: 校二等
A42: =COUNTIFS($C$3:$C$1025,"<>大数据",$O$3:$O$1025,">"&O42)+1 -> 40 | B42: =COUNTIFS($C$3:$C$1025,C42,$O$3:$O$1025,">"&O42)+1 -> 12 | C42: 信管 | D42: 信管25班 | E42: 250452531 | F42: 刘书语 | G42: 9.8 | H42: 72.19 | I42: 4.2 | J42: =ROUND(SUM(G42:I42),2) -> 86.19 | K42: 9.8 | L42: 65.05 | M42: 4 | N42: =ROUND(SUM(K42:M42),2) -> 78.85 | O42: =ROUND(SUM(J42,N42),2) -> 165.04 | P42: 校二等
A43: =COUNTIFS($C$3:$C$1025,"<>大数据",$O$3:$O$1025,">"&O43)+1 -> 41 | B43: =COUNTIFS($C$3:$C$1025,C43,$O$3:$O$1025,">"&O43)+1 -> 9 | C43: 计科 | D43: 计科一班 | E43: 250450124 | F43: 刘奕含 | G43: 10.8 | H43: 65.865854 | I43: 5 | J43: =ROUND(SUM(G43:I43),2) -> 81.67 | K43: 10.8 | L43: 66.24 | M43: 6.2 | N43: =ROUND(SUM(K43:M43),2) -> 83.24 | O43: =ROUND(SUM(J43,N43),2) -> 164.91 | P43: 校二等
A44: =COUNTIFS($C$3:$C$1025,"<>大数据",$O$3:$O$1025,">"&O44)+1 -> 42 | B44: =COUNTIFS($C$3:$C$1025,C44,$O$3:$O$1025,">"&O44)+1 -> 10 | C44: 计科 | D44: 计科三班 | E44: 250450323 | F44: 吕佳妮 | G44: 10.8 | H44: 69.170732 | I44: 4.5 | J44: =ROUND(SUM(G44:I44),2) -> 84.47 | K44: 9 | L44: 65.49 | M44: 5.9 | N44: =ROUND(SUM(K44:M44),2) -> 80.39 | O44: =ROUND(SUM(J44,N44),2) -> 164.86 | P44: 校三等
A45: =COUNTIFS($C$3:$C$1025,"<>大数据",$O$3:$O$1025,">"&O45)+1 -> 43 | B45: =COUNTIFS($C$3:$C$1025,C45,$O$3:$O$1025,">"&O45)+1 -> 16 | C45: 软工 | D45: 软工6班 | E45: 250450625 | F45: 佟欣恬 | G45: 11.8 | H45: 66.142857 | I45: 5.6 | J45: =ROUND(SUM(G45:I45),2) -> 83.54 | K45: 9.8 | L45: 63 | M45: 8.45 | N45: =ROUND(SUM(K45:M45),2) -> 81.25 | O45: =ROUND(SUM(J45,N45),2) -> 164.79 | P45: 校二等
A46: =COUNTIFS($C$3:$C$1025,"<>大数据",$O$3:$O$1025,">"&O46)+1 -> 44 | B46: =COUNTIFS($C$3:$C$1025,C46,$O$3:$O$1025,">"&O46)+1 -> 17 | C46: 软工 | D46: 软工13班 | E46: 250451302 | F46: 闻宣淇 | G46: 11 | H46: 71.28 | I46: 3.8 | J46: =ROUND(SUM(G46:I46),2) -> 86.08 | K46: 10 | L46: 64.01 | M46: 4.6 | N46: =ROUND(SUM(K46:M46),2) -> 78.61 | O46: =ROUND(SUM(J46,N46),2) -> 164.69 | P46: 校二等 | Q46: 转英语
A47: =COUNTIFS($C$3:$C$1025,"<>大数据",$O$3:$O$1025,">"&O47)+1 -> 45 | B47: =COUNTIFS($C$3:$C$1025,C47,$O$3:$O$1025,">"&O47)+1 -> 11 | C47: 计科 | D47: 计科二班 | E47: 250450232 | F47: 聂煜翀 | G47: 10.3 | H47: 67.366667 | I47: 4.9 | J47: =ROUND(SUM(G47:I47),2) -> 82.57 | K47: 9.8 | L47: 67.57 | M47: 4.7 | N47: =ROUND(SUM(K47:M47),2) -> 82.07 | O47: =ROUND(SUM(J47,N47),2) -> 164.64 | P47: 校三等
A48: =COUNTIFS($C$3:$C$1025,"<>大数据",$O$3:$O$1025,">"&O48)+1 -> 46 | B48: =COUNTIFS($C$3:$C$1025,C48,$O$3:$O$1025,">"&O48)+1 -> 12 | C48: 计科 | D48: 计科三班 | E48: 250450322 | F48: 袁世博 | G48: 11.3 | H48: 68.1 | I48: 3.5 | J48: =ROUND(SUM(G48:I48),2) -> 82.9 | K48: 9 | L48: 66.51 | M48: 6.2 | N48: =ROUND(SUM(K48:M48),2) -> 81.71 | O48: =ROUND(SUM(J48,N48),2) -> 164.61 | P48: 校三等
A49: =COUNTIFS($C$3:$C$1025,"<>大数据",$O$3:$O$1025,">"&O49)+1 -> 47 | B49: =COUNTIFS($C$3:$C$1025,C49,$O$3:$O$1025,">"&O49)+1 -> 18 | C49: 软工 | D49: 软工9班 | E49: 250450915 | F49: 姜珊多娇 | G49: 10.3 | H49: 69.009091 | I49: 4.9 | J49: =ROUND(SUM(G49:I49),2) -> 84.21 | K49: 10.8 | L49: 65.93 | M49: 3.5 | N49: =ROUND(SUM(K49:M49),2) -> 80.23 | O49: =ROUND(SUM(J49,N49),2) -> 164.44 | P49: 校二等
A50: =COUNTIFS($C$3:$C$1025,"<>大数据",$O$3:$O$1025,">"&O50)+1 -> 48 | B50: =COUNTIFS($C$3:$C$1025,C50,$O$3:$O$1025,">"&O50)+1 -> 19 | C50: 软工 | D50: 软工13班 | E50: 250451326 | F50: 孙嘉悦 | G50: 9.8 | H50: 72.04 | I50: 5 | J50: =ROUND(SUM(G50:I50),2) -> 86.84 | K50: 9.8 | L50: 63.13 | M50: 4.5 | N50: =ROUND(SUM(K50:M50),2) -> 77.43 | O50: =ROUND(SUM(J50,N50),2) -> 164.27 | P50: 校二等
A51: =COUNTIFS($C$3:$C$1025,"<>大数据",$O$3:$O$1025,">"&O51)+1 -> 49 | B51: =COUNTIFS($C$3:$C$1025,C51,$O$3:$O$1025,">"&O51)+1 -> 13 | C51: 计科 | D51: 计科二班 | E51: 250450222 | F51: 王梓丞 | G51: 10 | H51: 69.333333 | I51: 3 | J51: =ROUND(SUM(G51:I51),2) -> 82.33 | K51: 10 | L51: 68.21 | M51: 3.5 | N51: =ROUND(SUM(K51:M51),2) -> 81.71 | O51: =ROUND(SUM(J51,N51),2) -> 164.04 | P51: 校三等
A52: =COUNTIFS($C$3:$C$1025,"<>大数据",$O$3:$O$1025,">"&O52)+1 -> 50 | B52: =COUNTIFS($C$3:$C$1025,C52,$O$3:$O$1025,">"&O52)+1 -> 20 | C52: 软工 | D52: 软工11班 | E52: 250451124 | F52: 谢可鑫 | G52: 10 | H52: 68.27 | I52: 3.6 | J52: =ROUND(SUM(G52:I52),2) -> 81.87 | K52: 11.5 | L52: 65.96 | M52: 4.6 | N52: =ROUND(SUM(K52:M52),2) -> 82.06 | O52: =ROUND(SUM(J52,N52),2) -> 163.93 | P52: 校二等
A53: =COUNTIFS($C$3:$C$1025,"<>大数据",$O$3:$O$1025,">"&O53)+1 -> 51 | B53: =COUNTIFS($C$3:$C$1025,C53,$O$3:$O$1025,">"&O53)+1 -> 13 | C53: 信管 | D53: 信管28班 | E53: 250452801 | F53: 吴欣恬 | G53: 10.3 | H53: 65.44 | I53: 5.7 | J53: =ROUND(SUM(G53:I53),2) -> 81.44 | K53: 11 | L53: 63.07 | M53: 8.4 | N53: =ROUND(SUM(K53:M53),2) -> 82.47 | O53: =ROUND(SUM(J53,N53),2) -> 163.91 | P53: 校二等
A54: =COUNTIFS($C$3:$C$1025,"<>大数据",$O$3:$O$1025,">"&O54)+1 -> 52 | B54: =COUNTIFS($C$3:$C$1025,C54,$O$3:$O$1025,">"&O54)+1 -> 21 | C54: 软工 | D54: 软工14班 | E54: 250451403 | F54: 莫耀钧 | G54: 9.8 | H54: 72.19 | I54: 3 | J54: =ROUND(SUM(G54:I54),2) -> 84.99 | K54: 9.8 | L54: 64.75 | M54: 4.3 | N54: =ROUND(SUM(K54:M54),2) -> 78.85 | O54: =ROUND(SUM(J54,N54),2) -> 163.84 | P54: 校三等
A55: =COUNTIFS($C$3:$C$1025,"<>大数据",$O$3:$O$1025,">"&O55)+1 -> 53 | B55: =COUNTIFS($C$3:$C$1025,C55,$O$3:$O$1025,">"&O55)+1 -> 14 | C55: 信管 | D55: 信管22班 | E55: 250452215 | F55: 王言如 | G55: 11 | H55: 70.81 | I55: 4.5 | J55: =ROUND(SUM(G55:I55),2) -> 86.31 | K55: 7.5 | L55: 64.68 | M55: 5.2 | N55: =ROUND(SUM(K55:M55),2) -> 77.38 | O55: =ROUND(SUM(J55,N55),2) -> 163.69 | P55: 校二等
A56: =COUNTIFS($C$3:$C$1025,"<>大数据",$O$3:$O$1025,">"&O56)+1 -> 54 | B56: =COUNTIFS($C$3:$C$1025,C56,$O$3:$O$1025,">"&O56)+1 -> 15 | C56: 信管 | D56: 信管25班 | E56: 250452509 | F56: 杨际菲 | G56: 10.3 | H56: 68.41 | I56: 6 | J56: =ROUND(SUM(G56:I56),2) -> 84.71 | K56: 9.8 | L56: 64.67 | M56: 4.5 | N56: =ROUND(SUM(K56:M56),2) -> 78.97 | O56: =ROUND(SUM(J56,N56),2) -> 163.68 | P56: 校二等
A57: =COUNTIFS($C$3:$C$1025,"<>大数据",$O$3:$O$1025,">"&O57)+1 -> 55 | B57: =COUNTIFS($C$3:$C$1025,C57,$O$3:$O$1025,">"&O57)+1 -> 14 | C57: 计科 | D57: 计科一班 | E57: 250450108 | F57: 石佳怡 | G57: 9.8 | H57: 65.280488 | I57: 4.2 | J57: =ROUND(SUM(G57:I57),2) -> 79.28 | K57: 10 | L57: 69.42 | M57: 4.9 | N57: =ROUND(SUM(K57:M57),2) -> 84.32 | O57: =ROUND(SUM(J57,N57),2) -> 163.6 | P57: 校三等
A58: =COUNTIFS($C$3:$C$1025,"<>大数据",$O$3:$O$1025,">"&O58)+1 -> 56 | B58: =COUNTIFS($C$3:$C$1025,C58,$O$3:$O$1025,">"&O58)+1 -> 6 | C58: 网工 | D58: 网工16班 | E58: 250451629 | F58: 夏舶航 | G58: 10 | H58: 65.53 | I58: 5.1 | J58: =ROUND(SUM(G58:I58),2) -> 80.63 | K58: 10 | L58: 66.42 | M58: 6.1 | N58: =ROUND(SUM(K58:M58),2) -> 82.52 | O58: =ROUND(SUM(J58,N58),2) -> 163.15 | P58: 校二等
A59: =COUNTIFS($C$3:$C$1025,"<>大数据",$O$3:$O$1025,">"&O59)+1 -> 57 | B59: =COUNTIFS($C$3:$C$1025,C59,$O$3:$O$1025,">"&O59)+1 -> 16 | C59: 信管 | D59: 信管22班 | E59: 250452224 | F59: 孙小游 | G59: 10.3 | H59: 66.58 | I59: 5 | J59: =ROUND(SUM(G59:I59),2) -> 81.88 | K59: 7.3 | L59: 67.2 | M59: 5.9 | N59: =ROUND(SUM(K59:M59),2) -> 80.4 | O59: =ROUND(SUM(J59,N59),2) -> 162.28 | P59: 校二等
A60: =COUNTIFS($C$3:$C$1025,"<>大数据",$O$3:$O$1025,">"&O60)+1 -> 58 | B60: =COUNTIFS($C$3:$C$1025,C60,$O$3:$O$1025,">"&O60)+1 -> 7 | C60: 网工 | D60: 网工15班 | E60: 250451520 | F60: 李依蔓 | G60: 10.6 | H60: 69.66 | I60: 3 | J60: =ROUND(SUM(G60:I60),2) -> 83.26 | K60: 9.8 | L60: 62.2 | M60: 7 | N60: =ROUND(SUM(K60:M60),2) -> 79 | O60: =ROUND(SUM(J60,N60),2) -> 162.26
A61: =COUNTIFS($C$3:$C$1025,"<>大数据",$O$3:$O$1025,">"&O61)+1 -> 59 | B61: =COUNTIFS($C$3:$C$1025,C61,$O$3:$O$1025,">"&O61)+1 -> 22 | C61: 软工 | D61: 软工10班 | E61: 250451013 | F61: 黄楚瑶 | G61: 10.5 | H61: 66.7 | I61: 4.9 | J61: =ROUND(SUM(G61:I61),2) -> 82.1 | K61: 11 | L61: 63.12 | M61: 6 | N61: =ROUND(SUM(K61:M61),2) -> 80.12 | O61: =ROUND(SUM(J61,N61),2) -> 162.22 | P61: 校三等
A62: =COUNTIFS($C$3:$C$1025,"<>大数据",$O$3:$O$1025,">"&O62)+1 -> 60 | B62: =COUNTIFS($C$3:$C$1025,C62,$O$3:$O$1025,">"&O62)+1 -> 8 | C62: 网工 | D62: 网工15班 | E62: 250451511 | F62: 管奕暄 | G62: 10.8 | H62: 68.68 | I62: 3 | J62: =ROUND(SUM(G62:I62),2) -> 82.48 | K62: 8.3 | L62: 64.41 | M62: 7 | N62: =ROUND(SUM(K62:M62),2) -> 79.71 | O62: =ROUND(SUM(J62,N62),2) -> 162.19 | P62: 校二等
A63: =COUNTIFS($C$3:$C$1025,"<>大数据",$O$3:$O$1025,">"&O63)+1 -> 61 | B63: =COUNTIFS($C$3:$C$1025,C63,$O$3:$O$1025,">"&O63)+1 -> 15 | C63: 计科 | D63: 计科一班 | E63: 250450129 | F63: 肖家宜 | G63: 11 | H63: 65.280488 | I63: 4 | J63: =ROUND(SUM(G63:I63),2) -> 80.28 | K63: 10 | L63: 66.72 | M63: 5 | N63: =ROUND(SUM(K63:M63),2) -> 81.72 | O63: =ROUND(SUM(J63,N63),2) -> 162 | P63: 校三等
A64: =COUNTIFS($C$3:$C$1025,"<>大数据",$O$3:$O$1025,">"&O64)+1 -> 62 | B64: =COUNTIFS($C$3:$C$1025,C64,$O$3:$O$1025,">"&O64)+1 -> 16 | C64: 计科 | D64: 计科四班 | E64: 250450418 | F64: 刘育辰 | G64: 9.8 | H64: 66.646341 | I64: 5.2 | J64: =ROUND(SUM(G64:I64),2) -> 81.65 | K64: 9.8 | L64: 63.96 | M64: 6.5 | N64: =ROUND(SUM(K64:M64),2) -> 80.26 | O64: =ROUND(SUM(J64,N64),2) -> 161.91 | P64: 校三等
A65: =COUNTIFS($C$3:$C$1025,"<>大数据",$O$3:$O$1025,">"&O65)+1 -> 63 | B65: =COUNTIFS($C$3:$C$1025,C65,$O$3:$O$1025,">"&O65)+1 -> 23 | C65: 软工 | D65: 软工8班 | E65: 250450814 | F65: 王芷涵 | G65: 11 | H65: 64.285714 | I65: 5.2 | J65: =ROUND(SUM(G65:I65),2) -> 80.49 | K65: 12 | L65: 63.25 | M65: 6 | N65: =ROUND(SUM(K65:M65),2) -> 81.25 | O65: =ROUND(SUM(J65,N65),2) -> 161.74 | P65: 校三等
A66: =COUNTIFS($C$3:$C$1025,"<>大数据",$O$3:$O$1025,">"&O66)+1 -> 64 | B66: =COUNTIFS($C$3:$C$1025,C66,$O$3:$O$1025,">"&O66)+1 -> 24 | C66: 软工 | D66: 软工14班 | E66: 250451425 | F66: 范超迪 | G66: 10.3 | H66: 66.12 | I66: 3.5 | J66: =ROUND(SUM(G66:I66),2) -> 79.92 | K66: 9.8 | L66: 67.67 | M66: 4.3 | N66: =ROUND(SUM(K66:M66),2) -> 81.77 | O66: =ROUND(SUM(J66,N66),2) -> 161.69 | P66: 国励
A67: =COUNTIFS($C$3:$C$1025,"<>大数据",$O$3:$O$1025,">"&O67)+1 -> 65 | B67: =COUNTIFS($C$3:$C$1025,C67,$O$3:$O$1025,">"&O67)+1 -> 25 | C67: 软工 | D67: 软工10班 | E67: 250451003 | F67: 陈佳琪 | G67: 10.8 | H67: 66.88 | I67: 4.4 | J67: =ROUND(SUM(G67:I67),2) -> 82.08 | K67: 9.8 | L67: 63.07 | M67: 6.7 | N67: =ROUND(SUM(K67:M67),2) -> 79.57 | O67: =ROUND(SUM(J67,N67),2) -> 161.65 | P67: 校三等
A68: =COUNTIFS($C$3:$C$1025,"<>大数据",$O$3:$O$1025,">"&O68)+1 -> 66 | B68: =COUNTIFS($C$3:$C$1025,C68,$O$3:$O$1025,">"&O68)+1 -> 17 | C68: 信管 | D68: 信管26班 | E68: 250452626 | F68: 张艺 | G68: 9.8 | H68: 70.75 | I68: 3 | J68: =ROUND(SUM(G68:I68),2) -> 83.55 | K68: 9.8 | L68: 65.17 | M68: 3 | N68: =ROUND(SUM(K68:M68),2) -> 77.97 | O68: =ROUND(SUM(J68,N68),2) -> 161.52 | P68: 校二等
A69: =COUNTIFS($C$3:$C$1025,"<>大数据",$O$3:$O$1025,">"&O69)+1 -> 67 | B69: =COUNTIFS($C$3:$C$1025,C69,$O$3:$O$1025,">"&O69)+1 -> 9 | C69: 网工 | D69: 网工18班 | E69: 250451809 | F69: 姜皓元 | G69: 11.5 | H69: 66.55 | I69: 4.95 | J69: =ROUND(SUM(G69:I69),2) -> 83 | K69: 10 | L69: 61.81 | M69: 6.7 | N69: =ROUND(SUM(K69:M69),2) -> 78.51 | O69: =ROUND(SUM(J69,N69),2) -> 161.51 | P69: 校二等
A70: =COUNTIFS($C$3:$C$1025,"<>大数据",$O$3:$O$1025,">"&O70)+1 -> 68 | B70: =COUNTIFS($C$3:$C$1025,C70,$O$3:$O$1025,">"&O70)+1 -> 17 | C70: 计科 | D70: 计科四班 | E70: 250450435 | F70: 蔡柯丞 | G70: 10 | H70: 65.914634 | I70: 4 | J70: =ROUND(SUM(G70:I70),2) -> 79.91 | K70: 10 | L70: 66.86 | M70: 4.5 | N70: =ROUND(SUM(K70:M70),2) -> 81.36 | O70: =ROUND(SUM(J70,N70),2) -> 161.27 | P70: 校三等
A71: =COUNTIFS($C$3:$C$1025,"<>大数据",$O$3:$O$1025,">"&O71)+1 -> 69 | B71: =COUNTIFS($C$3:$C$1025,C71,$O$3:$O$1025,">"&O71)+1 -> 18 | C71: 计科 | D71: 计科四班 | E71: 250450405 | F71: 肖遥 | G71: 9.8 | H71: 66.536585 | I71: 4.4 | J71: =ROUND(SUM(G71:I71),2) -> 80.74 | K71: 9.8 | L71: 66.12 | M71: 4.6 | N71: =ROUND(SUM(K71:M71),2) -> 80.52 | O71: =ROUND(SUM(J71,N71),2) -> 161.26 | P71: 国励
A72: =COUNTIFS($C$3:$C$1025,"<>大数据",$O$3:$O$1025,">"&O72)+1 -> 70 | B72: =COUNTIFS($C$3:$C$1025,C72,$O$3:$O$1025,">"&O72)+1 -> 26 | C72: 软工 | D72: 软工12班 | E72: 250451217 | F72: 徐子淳 | G72: 10 | H72: 70.13 | I72: 3 | J72: =ROUND(SUM(G72:I72),2) -> 83.13 | K72: 10 | L72: 64.48 | M72: 3.5 | N72: =ROUND(SUM(K72:M72),2) -> 77.98 | O72: =ROUND(SUM(J72,N72),2) -> 161.11 | P72: 校三等
... A99: =COUNTIFS($C$3:$C$1025,"<>大数据",$O$3:$O$1025,">"&O99)+1 -> 97 | B99: =COUNTIFS($C$3:$C$1025,C99,$O$3:$O$1025,">"&O99)+1 -> 23 | C99: 信管 | D99: 信管27班 | E99: 250452714 | F99: 王嘉慧 | G99: 9.8 | H99: 64.5 | I99: 4 | J99: =ROUND(SUM(G99:I99),2) -> 78.3 | K99: 9.8 | L99: 65.22 | M99: 4.9 | N99: =ROUND(SUM(K99:M99),2) -> 79.92 | O99: =ROUND(SUM(J99,N99),2) -> 158.22 | P99: 校三等
A100: =COUNTIFS($C$3:$C$1025,"<>大数据",$O$3:$O$1025,">"&O100)+1 -> 98 | B100: =COUNTIFS($C$3:$C$1025,C100,$O$3:$O$1025,">"&O100)+1 -> 25 | C100: 计科 | D100: 计科一班 | E100: 250450132 | F100: 孟珈惠 | G100: 10 | H100: 65.3 | I100: 3 | J100: =ROUND(SUM(G100:I100),2) -> 78.3 | K100: 10 | L100: 65.26 | M100: 4.4 | N100: =ROUND(SUM(K100:M100),2) -> 79.66 | O100: =ROUND(SUM(J100,N100),2) -> 157.96
A101: =COUNTIFS($C$3:$C$1025,"<>大数据",$O$3:$O$1025,">"&O101)+1 -> 99 | B101: =COUNTIFS($C$3:$C$1025,C101,$O$3:$O$1025,">"&O101)+1 -> 26 | C101: 计科 | D101: 计科三班 | E101: 250450317 | F101: 蒋析睿 | G101: 10.6 | H101: 63.560976 | I101: 4.4 | J101: =ROUND(SUM(G101:I101),2) -> 78.56 | K101: 10.5 | L101: 63.3 | M101: 5.5 | N101: =ROUND(SUM(K101:M101),2) -> 79.3 | O101: =ROUND(SUM(J101,N101),2) -> 157.86
A102: =COUNTIFS($C$3:$C$1025,"<>大数据",$O$3:$O$1025,">"&O102)+1 -> 100 | B102: =COUNTIFS($C$3:$C$1025,C102,$O$3:$O$1025,">"&O102)+1 -> 24 | C102: 信管 | D102: 信管25班 | E102: 250452528 | F102: 刘蔓 | G102: 10.8 | H102: 65.82 | I102: 4.3 | J102: =ROUND(SUM(G102:I102),2) -> 80.92 | K102: 9.8 | L102: 63.57 | M102: 3.5 | N102: =ROUND(SUM(K102:M102),2) -> 76.87 | O102: =ROUND(SUM(J102,N102),2) -> 157.79 | P102: 校三等
A103: =COUNTIFS($C$3:$C$1025,"<>大数据",$O$3:$O$1025,">"&O103)+1 -> 101 | B103: =COUNTIFS($C$3:$C$1025,C103,$O$3:$O$1025,">"&O103)+1 -> 41 | C103: 软工 | D103: 软工7班 | E103: 250450734 | F103: 程偌然 | G103: 9.8 | H103: 67.02 | I103: 4 | J103: =ROUND(SUM(G103:I103),2) -> 80.82 | K103: 9.8 | L103: 63.09 | M103: 4 | N103: =ROUND(SUM(K103:M103),2) -> 76.89 | O103: =ROUND(SUM(J103,N103),2) -> 157.71 | P103: 校三等
A104: =COUNTIFS($C$3:$C$1025,"<>大数据",$O$3:$O$1025,">"&O104)+1 -> 102 | B104: =COUNTIFS($C$3:$C$1025,C104,$O$3:$O$1025,">"&O104)+1 -> 11 | C104: 网工 | D104: 网工17班 | E104: 250451717 | F104: 孟欣 | G104: 10.8 | H104: 64.29 | I104: 5 | J104: =ROUND(SUM(G104:I104),2) -> 80.09 | K104: 11.3 | L104: 60.6 | M104: 5.7 | N104: =ROUND(SUM(K104:M104),2) -> 77.6 | O104: =ROUND(SUM(J104,N104),2) -> 157.69 | P104: 校三等
A105: =COUNTIFS($C$3:$C$1025,"<>大数据",$O$3:$O$1025,">"&O105)+1 -> 103 | B105: =COUNTIFS($C$3:$C$1025,C105,$O$3:$O$1025,">"&O105)+1 -> 12 | C105: 网工 | D105: 网工15班 | E105: 250451504 | F105: 陈佳慧 | G105: 10.8 | H105: 67.35 | I105: 4 | J105: =ROUND(SUM(G105:I105),2) -> 82.15 | K105: 7.3 | L105: 60.94 | M105: 7.2 | N105: =ROUND(SUM(K105:M105),2) -> 75.44 | O105: =ROUND(SUM(J105,N105),2) -> 157.59 | P105: 校三等
A106: =COUNTIFS($C$3:$C$1025,"<>大数据",$O$3:$O$1025,">"&O106)+1 -> 104 | B106: =COUNTIFS($C$3:$C$1025,C106,$O$3:$O$1025,">"&O106)+1 -> 42 | C106: 软工 | D106: 软工12班 | E106: 250451218 | F106: 辛佳芮 | G106: 10.8 | H106: 65.34 | I106: 4.5 | J106: =ROUND(SUM(G106:I106),2) -> 80.64 | K106: 9.8 | L106: 61.23 | M106: 5.9 | N106: =ROUND(SUM(K106:M106),2) -> 76.93 | O106: =ROUND(SUM(J106,N106),2) -> 157.57 | P106: 校三等
A107: =COUNTIFS($C$3:$C$1025,"<>大数据",$O$3:$O$1025,">"&O107)+1 -> 105 | B107: =COUNTIFS($C$3:$C$1025,C107,$O$3:$O$1025,">"&O107)+1 -> 43 | C107: 软工 | D107: 软工7班 | E107: 250450726 | F107: 张宬博 | G107: 10.8 | H107: 68.67 | I107: 4.4 | J107: =ROUND(SUM(G107:I107),2) -> 83.87 | K107: 9.8 | L107: 58.99 | M107: 4.9 | N107: =ROUND(SUM(K107:M107),2) -> 73.69 | O107: =ROUND(SUM(J107,N107),2) -> 157.56 | P107: 校三等
A108: =COUNTIFS($C$3:$C$1025,"<>大数据",$O$3:$O$1025,">"&O108)+1 -> 106 | B108: =COUNTIFS($C$3:$C$1025,C108,$O$3:$O$1025,">"&O108)+1 -> 25 | C108: 信管 | D108: 信管23班 | E108: 250452323 | F108: 杨淼 | G108: 11.3 | H108: 59.58 | I108: 6.2 | J108: =ROUND(SUM(G108:I108),2) -> 77.08 | K108: 11.3 | L108: 61.62 | M108: 7.5 | N108: =ROUND(SUM(K108:M108),2) -> 80.42 | O108: =ROUND(SUM(J108,N108),2) -> 157.5 | P108: 国励
A109: =COUNTIFS($C$3:$C$1025,"<>大数据",$O$3:$O$1025,">"&O109)+1 -> 107 | B109: =COUNTIFS($C$3:$C$1025,C109,$O$3:$O$1025,">"&O109)+1 -> 26 | C109: 信管 | D109: 信管19班 | E109: 250451916 | F109: 曹嘉格 | G109: 9.8 | H109: 65.39 | I109: 4.2 | J109: =ROUND(SUM(G109:I109),2) -> 79.39 | K109: 9.8 | L109: 63 | M109: 5.3 | N109: =ROUND(SUM(K109:M109),2) -> 78.1 | O109: =ROUND(SUM(J109,N109),2) -> 157.49 | P109: 校三等
A110: =COUNTIFS($C$3:$C$1025,"<>大数据",$O$3:$O$1025,">"&O110)+1 -> 108 | B110: =COUNTIFS($C$3:$C$1025,C110,$O$3:$O$1025,">"&O110)+1 -> 27 | C110: 计科 | D110: 计科四班 | E110: 250450408 | F110: 王思媛 | G110: 9.8 | H110: 64.890244 | I110: 4.2 | J110: =ROUND(SUM(G110:I110),2) -> 78.89 | K110: 9.8 | L110: 64.58 | M110: 4.2 | N110: =ROUND(SUM(K110:M110),2) -> 78.58 | O110: =ROUND(SUM(J110,N110),2) -> 157.47
A111: =COUNTIFS($C$3:$C$1025,"<>大数据",$O$3:$O$1025,">"&O111)+1 -> 109 | B111: =COUNTIFS($C$3:$C$1025,C111,$O$3:$O$1025,">"&O111)+1 -> 13 | C111: 网工 | D111: 网工18班 | E111: 250451832 | F111: 宋蕾 | G111: 10 | H111: 64.06 | I111: 3 | J111: =ROUND(SUM(G111:I111),2) -> 77.06 | K111: 10 | L111: 66.85 | M111: 3.5 | N111: =ROUND(SUM(K111:M111),2) -> 80.35 | O111: =ROUND(SUM(J111,N111),2) -> 157.41 | P111: 校三等
A112: =COUNTIFS($C$3:$C$1025,"<>大数据",$O$3:$O$1025,">"&O112)+1 -> 110 | B112: =COUNTIFS($C$3:$C$1025,C112,$O$3:$O$1025,">"&O112)+1 -> 28 | C112: 计科 | D112: 计科一班 | E112: 250450117 | F112: 芮嘉 | G112: 10.8 | H112: 61.878049 | I112: 5 | J112: =ROUND(SUM(G112:I112),2) -> 77.68 | K112: 9.8 | L112: 65.02 | M112: 4.9 | N112: =ROUND(SUM(K112:M112),2) -> 79.72 | O112: =ROUND(SUM(J112,N112),2) -> 157.4
A113: =COUNTIFS($C$3:$C$1025,"<>大数据",$O$3:$O$1025,">"&O113)+1 -> 111 | B113: =COUNTIFS($C$3:$C$1025,C113,$O$3:$O$1025,">"&O113)+1 -> 14 | C113: 网工 | D113: 网工18班 | E113: 250451814 | F113: 解明子昂 | G113: 11.3 | H113: 66.76 | I113: 4.75 | J113: =ROUND(SUM(G113:I113),2) -> 82.81 | K113: 9.8 | L113: 59.26 | M113: 5.3 | N113: =ROUND(SUM(K113:M113),2) -> 74.36 | O113: =ROUND(SUM(J113,N113),2) -> 157.17
A114: =COUNTIFS($C$3:$C$1025,"<>大数据",$O$3:$O$1025,">"&O114)+1 -> 112 | B114: =COUNTIFS($C$3:$C$1025,C114,$O$3:$O$1025,">"&O114)+1 -> 29 | C114: 计科 | D114: 计科一班 | E114: 250450128 | F114: 史佳睿 | G114: 11 | H114: 61.060976 | I114: 5.2 | J114: =ROUND(SUM(G114:I114),2) -> 77.26 | K114: 11.5 | L114: 62.65 | M114: 5.7 | N114: =ROUND(SUM(K114:M114),2) -> 79.85 | O114: =ROUND(SUM(J114,N114),2) -> 157.11
A115: =COUNTIFS($C$3:$C$1025,"<>大数据",$O$3:$O$1025,">"&O115)+1 -> 113 | B115: =COUNTIFS($C$3:$C$1025,C115,$O$3:$O$1025,">"&O115)+1 -> 44 | C115: 软工 | D115: 软工9班 | E115: 250450931 | F115: 杨蕙熙 | G115: 9.8 | H115: 64.556604 | I115: 3.7 | J115: =ROUND(SUM(G115:I115),2) -> 78.06 | K115: 9.8 | L115: 65.64 | M115: 3.5 | N115: =ROUND(SUM(K115:M115),2) -> 78.94 | O115: =ROUND(SUM(J115,N115),2) -> 157 | P115: 校三等
A116: =COUNTIFS($C$3:$C$1025,"<>大数据",$O$3:$O$1025,">"&O116)+1 -> 114 | B116: =COUNTIFS($C$3:$C$1025,C116,$O$3:$O$1025,">"&O116)+1 -> 30 | C116: 计科 | D116: 计科二班 | E116: 250450225 | F116: 王思博 | G116: 9.8 | H116: 65.2 | I116: 4.6 | J116: =ROUND(SUM(G116:I116),2) -> 79.6 | K116: 9.4 | L116: 63.44 | M116: 4.5 | N116: =ROUND(SUM(K116:M116),2) -> 77.34 | O116: =ROUND(SUM(J116,N116),2) -> 156.94
A117: =COUNTIFS($C$3:$C$1025,"<>大数据",$O$3:$O$1025,">"&O117)+1 -> 115 | B117: =COUNTIFS($C$3:$C$1025,C117,$O$3:$O$1025,">"&O117)+1 -> 45 | C117: 软工 | D117: 软工5班 | E117: 250450529 | F117: 周歆越 | G117: 10.5 | H117: 59.29 | I117: 4.5 | J117: =ROUND(SUM(G117:I117),2) -> 74.29 | K117: 11.5 | L117: 64.74 | M117: 6.4 | N117: =ROUND(SUM(K117:M117),2) -> 82.64 | O117: =ROUND(SUM(J117,N117),2) -> 156.93 | P117: 校三等
A118: =COUNTIFS($C$3:$C$1025,"<>大数据",$O$3:$O$1025,">"&O118)+1 -> 116 | B118: =COUNTIFS($C$3:$C$1025,C118,$O$3:$O$1025,">"&O118)+1 -> 31 | C118: 计科 | D118: 计科二班 | E118: 250450206 | F118: 崔嘉垚 | G118: 9.8 | H118: 64.97561 | I118: 4 | J118: =ROUND(SUM(G118:I118),2) -> 78.78 | K118: 9.8 | L118: 63.79 | M118: 4.5 | N118: =ROUND(SUM(K118:M118),2) -> 78.09 | O118: =ROUND(SUM(J118,N118),2) -> 156.87
A119: =COUNTIFS($C$3:$C$1025,"<>大数据",$O$3:$O$1025,">"&O119)+1 -> 117 | B119: =COUNTIFS($C$3:$C$1025,C119,$O$3:$O$1025,">"&O119)+1 -> 46 | C119: 软工 | D119: 软工9班 | E119: 250450905 | F119: 陈莹莹 | G119: 10.5 | H119: 65.613208 | I119: 3 | J119: =ROUND(SUM(G119:I119),2) -> 79.11 | K119: 10 | L119: 64.19 | M119: 3.5 | N119: =ROUND(SUM(K119:M119),2) -> 77.69 | O119: =ROUND(SUM(J119,N119),2) -> 156.8
A120: =COUNTIFS($C$3:$C$1025,"<>大数据",$O$3:$O$1025,">"&O120)+1 -> 118 | B120: =COUNTIFS($C$3:$C$1025,C120,$O$3:$O$1025,">"&O120)+1 -> 47 | C120: 软工 | D120: 软工14班 | E120: 250451427 | F120: 陈昱陶 | G120: 9.8 | H120: 64.05 | I120: 4.1 | J120: =ROUND(SUM(G120:I120),2) -> 77.95 | K120: 9.8 | L120: 64.45 | M120: 4.4 | N120: =ROUND(SUM(K120:M120),2) -> 78.65 | O120: =ROUND(SUM(J120,N120),2) -> 156.6 | P120: 校三等
A121: =COUNTIFS($C$3:$C$1025,"<>大数据",$O$3:$O$1025,">"&O121)+1 -> 119 | B121: =COUNTIFS($C$3:$C$1025,C121,$O$3:$O$1025,">"&O121)+1 -> 48 | C121: 软工 | D121: 软工5班 | E121: 250450503 | F121: 刘诗博 | G121: 9.8 | H121: 64.36 | I121: 3.9 | J121: =ROUND(SUM(G121:I121),2) -> 78.06 | K121: 9.8 | L121: 63.85 | M121: 4.8 | N121: =ROUND(SUM(K121:M121),2) -> 78.45 | O121: =ROUND(SUM(J121,N121),2) -> 156.51 | P121: 校三等
A122: =COUNTIFS($C$3:$C$1025,"<>大数据",$O$3:$O$1025,">"&O122)+1 -> 120 | B122: =COUNTIFS($C$3:$C$1025,C122,$O$3:$O$1025,">"&O122)+1 -> 32 | C122: 计科 | D122: 计科一班 | E122: 250450127 | F122: 常家豪 | G122: 10 | H122: 68.466667 | I122: 4 | J122: =ROUND(SUM(G122:I122),2) -> 82.47 | K122: 7.5 | L122: 61.38 | M122: 5.1 | N122: =ROUND(SUM(K122:M122),2) -> 73.98 | O122: =ROUND(SUM(J122,N122),2) -> 156.45
A123: =COUNTIFS($C$3:$C$1025,"<>大数据",$O$3:$O$1025,">"&O123)+1 -> 121 | B123: =COUNTIFS($C$3:$C$1025,C123,$O$3:$O$1025,">"&O123)+1 -> 49 | C123: 软工 | D123: 软工8班 | E123: 250450811 | F123: 徐子翔 | G123: 11 | H123: 64.289474 | I123: 4.5 | J123: =ROUND(SUM(G123:I123),2) -> 79.79 | K123: 11 | L123: 59.7 | M123: 5.9 | N123: =ROUND(SUM(K123:M123),2) -> 76.6 | O123: =ROUND(SUM(J123,N123),2) -> 156.39
A124: =COUNTIFS($C$3:$C$1025,"<>大数据",$O$3:$O$1025,">"&O124)+1 -> 122 | B124: =COUNTIFS($C$3:$C$1025,C124,$O$3:$O$1025,">"&O124)+1 -> 27 | C124: 信管 | D124: 信管20班 | E124: 250452034 | F124: 白云荻 | G124: 10 | H124: 69.01 | I124: 4.8 | J124: =ROUND(SUM(G124:I124),2) -> 83.81 | K124: 10 | L124: 58.45 | M124: 4.1 | N124: =ROUND(SUM(K124:M124),2) -> 72.55 | O124: =ROUND(SUM(J124,N124),2) -> 156.36 | P124: 国励
A125: =COUNTIFS($C$3:$C$1025,"<>大数据",$O$3:$O$1025,">"&O125)+1 -> 123 | B125: =COUNTIFS($C$3:$C$1025,C125,$O$3:$O$1025,">"&O125)+1 -> 28 | C125: 信管 | D125: 信管19班 | E125: 250451935 | F125: 刘芷伊 | G125: 10.3 | H125: 67.18 | I125: 3.2 | J125: =ROUND(SUM(G125:I125),2) -> 80.68 | K125: 9.8 | L125: 61.66 | M125: 4.2 | N125: =ROUND(SUM(K125:M125),2) -> 75.66 | O125: =ROUND(SUM(J125,N125),2) -> 156.34 | P125: 校三等
A126: =COUNTIFS($C$3:$C$1025,"<>大数据",$O$3:$O$1025,">"&O126)+1 -> 123 | B126: =COUNTIFS($C$3:$C$1025,C126,$O$3:$O$1025,">"&O126)+1 -> 28 | C126: 信管 | D126: 信管24班 | E126: 250452415 | F126: 纪周升 | G126: 9.4 | H126: 65.01 | I126: 5.4 | J126: =ROUND(SUM(G126:I126),2) -> 79.81 | K126: 9.8 | L126: 61.43 | M126: 5.3 | N126: =ROUND(SUM(K126:M126),2) -> 76.53 | O126: =ROUND(SUM(J126,N126),2) -> 156.34 | P126: 校三等
A127: =COUNTIFS($C$3:$C$1025,"<>大数据",$O$3:$O$1025,">"&O127)+1 -> 125 | B127: =COUNTIFS($C$3:$C$1025,C127,$O$3:$O$1025,">"&O127)+1 -> 50 | C127: 软工 | D127: 软工14班 | E127: 250451428 | F127: 王一茗 | G127: 9.8 | H127: 64.46 | I127: 3 | J127: =ROUND(SUM(G127:I127),2) -> 77.26 | K127: 9.8 | L127: 65.71 | M127: 3.5 | N127: =ROUND(SUM(K127:M127),2) -> 79.01 | O127: =ROUND(SUM(J127,N127),2) -> 156.27 | P127: 校三等
A128: =COUNTIFS($C$3:$C$1025,"<>大数据",$O$3:$O$1025,">"&O128)+1 -> 126 | B128: =COUNTIFS($C$3:$C$1025,C128,$O$3:$O$1025,">"&O128)+1 -> 15 | C128: 网工 | D128: 网工17班 | E128: 250451712 | F128: 张宸瑞 | G128: 11.6 | H128: 56.87 | I128: 8.3 | J128: =ROUND(SUM(G128:I128),2) -> 76.77 | K128: 11.3 | L128: 59.38 | M128: 8.8 | N128: =ROUND(SUM(K128:M128),2) -> 79.48 | O128: =ROUND(SUM(J128,N128),2) -> 156.25 | P128: 校三等
A129: =COUNTIFS($C$3:$C$1025,"<>大数据",$O$3:$O$1025,">"&O129)+1 -> 127 | B129: =COUNTIFS($C$3:$C$1025,C129,$O$3:$O$1025,">"&O129)+1 -> 30 | C129: 信管 | D129: 信管22班 | E129: 250452236 | F129: 乔岩 | G129: 10 | H129: 64.94 | I129: 4 | J129: =ROUND(SUM(G129:I129),2) -> 78.94 | K129: 10 | L129: 62.5 | M129: 4.7 | N129: =ROUND(SUM(K129:M129),2) -> 77.2 | O129: =ROUND(SUM(J129,N129),2) -> 156.14 | P129: 校三等
A130: =COUNTIFS($C$3:$C$1025,"<>大数据",$O$3:$O$1025,">"&O130)+1 -> 128 | B130: =COUNTIFS($C$3:$C$1025,C130,$O$3:$O$1025,">"&O130)+1 -> 31 | C130: 信管 | D130: 信管27班 | E130: 250452734 | F130: 王雯鑫 | G130: 9.8 | H130: 68.65 | I130: 3 | J130: =ROUND(SUM(G130:I130),2) -> 81.45 | K130: 7.3 | L130: 64.36 | M130: 3 | N130: =ROUND(SUM(K130:M130),2) -> 74.66 | O130: =ROUND(SUM(J130,N130),2) -> 156.11 | P130: 校三等
A131: =COUNTIFS($C$3:$C$1025,"<>大数据",$O$3:$O$1025,">"&O131)+1 -> 129 | B131: =COUNTIFS($C$3:$C$1025,C131,$O$3:$O$1025,">"&O131)+1 -> 16 | C131: 网工 | D131: 网工18班 | E131: 250451812 | F131: 范一铭 | G131: 10 | H131: 65.21 | I131: 4 | J131: =ROUND(SUM(G131:I131),2) -> 79.21 | K131: 10 | L131: 62.47 | M131: 4.4 | N131: =ROUND(SUM(K131:M131),2) -> 76.87 | O131: =ROUND(SUM(J131,N131),2) -> 156.08 | P131: 校三等
A132: =COUNTIFS($C$3:$C$1025,"<>大数据",$O$3:$O$1025,">"&O132)+1 -> 130 | B132: =COUNTIFS($C$3:$C$1025,C132,$O$3:$O$1025,">"&O132)+1 -> 51 | C132: 软工 | D132: 软工10班 | E132: 250451018 | F132: 唐嘉骏 | G132: 10 | H132: 65.81 | I132: 5.2 | J132: =ROUND(SUM(G132:I132),2) -> 81.01 | K132: 10 | L132: 58.75 | M132: 6.3 | N132: =ROUND(SUM(K132:M132),2) -> 75.05 | O132: =ROUND(SUM(J132,N132),2) -> 156.06 | P132: 校三等
...

Sheet 计科排名
A1: 年级排名 | B1: 专业排名 | C1: 专业 | D1: 班级 | E1: 学号 | F1: 姓名 | G1: 大一上 | K1: 大一下 | O1: 学年总分 | P1: 奖学金 | Q1: 备注
G2: 品德总分 | H2: 学业总分 | I2: 文体总分 | J2: 综测总分 | K2: 品德总分 | L2: 学业总分 | M2: 文体总分 | N2: 综测总分
A3: =IF(INDEX(学年度总表!$A$3:$A$1025,MATCH($E3,学年度总表!$E$3:$E$1025,0))="","",INDEX(学年度总表!$A$3:$A$1025,MATCH($E3,学年度总表!$E$3:$E$1025,0))) -> 3 | B3: =IF(INDEX(学年度总表!$B$3:$B$1025,MATCH($E3,学年度总表!$E$3:$E$1025,0))="","",INDEX(学年度总表!$B$3:$B$1025,MATCH($E3,学年度总表!$E$3:$E$1025,0))) -> 1 | C3: =IF(INDEX(学年度总表!$C$3:$C$1025,MATCH($E3,学年度总表!$E$3:$E$1025,0))="","",INDEX(学年度总表!$C$3:$C$1025,MATCH($E3,学年度总表!$E$3:$E$1025,0))) -> 计科 | D3: =IF(INDEX(学年度总表!$D$3:$D$1025,MATCH($E3,学年度总表!$E$3:$E$1025,0))="","",INDEX(学年度总表!$D$3:$D$1025,MATCH($E3,学年度总表!$E$3:$E$1025,0))) -> 计科二班 | E3: 250450215 | F3: =IF(INDEX(学年度总表!$F$3:$F$1025,MATCH($E3,学年度总表!$E$3:$E$1025,0))="","",INDEX(学年度总表!$F$3:$F$1025,MATCH($E3,学年度总表!$E$3:$E$1025,0))) -> 薛继来 | G3: =IF(INDEX(学年度总表!$G$3:$G$1025,MATCH($E3,学年度总表!$E$3:$E$1025,0))="","",INDEX(学年度总表!$G$3:$G$1025,MATCH($E3,学年度总表!$E$3:$E$1025,0))) -> 10.8 | H3: =IF(INDEX(学年度总表!$H$3:$H$1025,MATCH($E3,学年度总表!$E$3:$E$1025,0))="","",INDEX(学年度总表!$H$3:$H$1025,MATCH($E3,学年度总表!$E$3:$E$1025,0))) -> 73.066667 | I3: =IF(INDEX(学年度总表!$I$3:$I$1025,MATCH($E3,学年度总表!$E$3:$E$1025,0))="","",INDEX(学年度总表!$I$3:$I$1025,MATCH($E3,学年度总表!$E$3:$E$1025,0))) -> 4.2 | J3: =IF(INDEX(学年度总表!$J$3:$J$1025,MATCH($E3,学年度总表!$E$3:$E$1025,0))="","",INDEX(学年度总表!$J$3:$J$1025,MATCH($E3,学年度总表!$E$3:$E$1025,0))) -> 88.07 | K3: =IF(INDEX(学年度总表!$K$3:$K$1025,MATCH($E3,学年度总表!$E$3:$E$1025,0))="","",INDEX(学年度总表!$K$3:$K$1025,MATCH($E3,学年度总表!$E$3:$E$1025,0))) -> 10.8 | L3: =IF(INDEX(学年度总表!$L$3:$L$1025,MATCH($E3,学年度总表!$E$3:$E$1025,0))="","",INDEX(学年度总表!$L$3:$L$1025,MATCH($E3,学年度总表!$E$3:$E$1025,0))) -> 74.71 | M3: =IF(INDEX(学年度总表!$M$3:$M$1025,MATCH($E3,学年度总表!$E$3:$E$1025,0))="","",INDEX(学年度总表!$M$3:$M$1025,MATCH($E3,学年度总表!$E$3:$E$1025,0))) -> 5.7 | N3: =IF(INDEX(学年度总表!$N$3:$N$1025,MATCH($E3,学年度总表!$E$3:$E$1025,0))="","",INDEX(学年度总表!$N$3:$N$1025,MATCH($E3,学年度总表!$E$3:$E$1025,0))) -> 91.21 | O3: =IF(INDEX(学年度总表!$O$3:$O$1025,MATCH($E3,学年度总表!$E$3:$E$1025,0))="","",INDEX(学年度总表!$O$3:$O$1025,MATCH($E3,学年度总表!$E$3:$E$1025,0))) -> 179.28 | P3: =IF(INDEX(学年度总表!$P$3:$P$1025,MATCH($E3,学年度总表!$E$3:$E$1025,0))="","",INDEX(学年度总表!$P$3:$P$1025,MATCH($E3,学年度总表!$E$3:$E$1025,0))) -> 省奖 | Q3: =IF(INDEX(学年度总表!$Q$3:$Q$1025,MATCH($E3,学年度总表!$E$3:$E$1025,0))="","",INDEX(学年度总表!$Q$3:$Q$1025,MATCH($E3,学年度总表!$E$3:$E$1025,0)))
A4: =IF(INDEX(学年度总表!$A$3:$A$1025,MATCH($E4,学年度总表!$E$3:$E$1025,0))="","",INDEX(学年度总表!$A$3:$A$1025,MATCH($E4,学年度总表!$E$3:$E$1025,0))) -> 10 | B4: =IF(INDEX(学年度总表!$B$3:$B$1025,MATCH($E4,学年度总表!$E$3:$E$1025,0))="","",INDEX(学年度总表!$B$3:$B$1025,MATCH($E4,学年度总表!$E$3:$E$1025,0))) -> 2 | C4: =IF(INDEX(学年度总表!$C$3:$C$1025,MATCH($E4,学年度总表!$E$3:$E$1025,0))="","",INDEX(学年度总表!$C$3:$C$1025,MATCH($E4,学年度总表!$E$3:$E$1025,0))) -> 计科 | D4: =IF(INDEX(学年度总表!$D$3:$D$1025,MATCH($E4,学年度总表!$E$3:$E$1025,0))="","",INDEX(学年度总表!$D$3:$D$1025,MATCH($E4,学年度总表!$E$3:$E$1025,0))) -> 计科一班 | E4: 250450119 | F4: =IF(INDEX(学年度总表!$F$3:$F$1025,MATCH($E4,学年度总表!$E$3:$E$1025,0))="","",INDEX(学年度总表!$F$3:$F$1025,MATCH($E4,学年度总表!$E$3:$E$1025,0))) -> 胡天淼 | G4: =IF(INDEX(学年度总表!$G$3:$G$1025,MATCH($E4,学年度总表!$E$3:$E$1025,0))="","",INDEX(学年度总表!$G$3:$G$1025,MATCH($E4,学年度总表!$E$3:$E$1025,0))) -> 12 | H4: =IF(INDEX(学年度总表!$H$3:$H$1025,MATCH($E4,学年度总表!$E$3:$E$1025,0))="","",INDEX(学年度总表!$H$3:$H$1025,MATCH($E4,学年度总表!$E$3:$E$1025,0))) -> 69.304878 | I4: =IF(INDEX(学年度总表!$I$3:$I$1025,MATCH($E4,学年度总表!$E$3:$E$1025,0))="","",INDEX(学年度总表!$I$3:$I$1025,MATCH($E4,学年度总表!$E$3:$E$1025,0))) -> 3.6 | J4: =IF(INDEX(学年度总表!$J$3:$J$1025,MATCH($E4,学年度总表!$E$3:$E$1025,0))="","",INDEX(学年度总表!$J$3:$J$1025,MATCH($E4,学年度总表!$E$3:$E$1025,0))) -> 84.9 | K4: =IF(INDEX(学年度总表!$K$3:$K$1025,MATCH($E4,学年度总表!$E$3:$E$1025,0))="","",INDEX(学年度总表!$K$3:$K$1025,MATCH($E4,学年度总表!$E$3:$E$1025,0))) -> 12 | L4: =IF(INDEX(学年度总表!$L$3:$L$1025,MATCH($E4,学年度总表!$E$3:$E$1025,0))="","",INDEX(学年度总表!$L$3:$L$1025,MATCH($E4,学年度总表!$E$3:$E$1025,0))) -> 70.13 | M4: =IF(INDEX(学年度总表!$M$3:$M$1025,MATCH($E4,学年度总表!$E$3:$E$1025,0))="","",INDEX(学年度总表!$M$3:$M$1025,MATCH($E4,学年度总表!$E$3:$E$1025,0))) -> 4.3 | N4: =IF(INDEX(学年度总表!$N$3:$N$1025,MATCH($E4,学年度总表!$E$3:$E$1025,0))="","",INDEX(学年度总表!$N$3:$N$1025,MATCH($E4,学年度总表!$E$3:$E$1025,0))) -> 86.43 | O4: =IF(INDEX(学年度总表!$O$3:$O$1025,MATCH($E4,学年度总表!$E$3:$E$1025,0))="","",INDEX(学年度总表!$O$3:$O$1025,MATCH($E4,学年度总表!$E$3:$E$1025,0))) -> 171.33 | P4: =IF(INDEX(学年度总表!$P$3:$P$1025,MATCH($E4,学年度总表!$E$3:$E$1025,0))="","",INDEX(学年度总表!$P$3:$P$1025,MATCH($E4,学年度总表!$E$3:$E$1025,0))) -> 校一等 | Q4: =IF(INDEX(学年度总表!$Q$3:$Q$1025,MATCH($E4,学年度总表!$E$3:$E$1025,0))="","",INDEX(学年度总表!$Q$3:$Q$1025,MATCH($E4,学年度总表!$E$3:$E$1025,0)))
A5: =IF(INDEX(学年度总表!$A$3:$A$1025,MATCH($E5,学年度总表!$E$3:$E$1025,0))="","",INDEX(学年度总表!$A$3:$A$1025,MATCH($E5,学年度总表!$E$3:$E$1025,0))) -> 11 | B5: =IF(INDEX(学年度总表!$B$3:$B$1025,MATCH($E5,学年度总表!$E$3:$E$1025,0))="","",INDEX(学年度总表!$B$3:$B$1025,MATCH($E5,学年度总表!$E$3:$E$1025,0))) -> 3 | C5: =IF(INDEX(学年度总表!$C$3:$C$1025,MATCH($E5,学年度总表!$E$3:$E$1025,0))="","",INDEX(学年度总表!$C$3:$C$1025,MATCH($E5,学年度总表!$E$3:$E$1025,0))) -> 计科 | D5: =IF(INDEX(学年度总表!$D$3:$D$1025,MATCH($E5,学年度总表!$E$3:$E$1025,0))="","",INDEX(学年度总表!$D$3:$D$1025,MATCH($E5,学年度总表!$E$3:$E$1025,0))) -> 计科一班 | E5: 250450123 | F5: =IF(INDEX(学年度总表!$F$3:$F$1025,MATCH($E5,学年度总表!$E$3:$E$1025,0))="","",INDEX(学年度总表!$F$3:$F$1025,MATCH($E5,学年度总表!$E$3:$E$1025,0))) -> 佟奕辰 | G5: =IF(INDEX(学年度总表!$G$3:$G$1025,MATCH($E5,学年度总表!$E$3:$E$1025,0))="","",INDEX(学年度总表!$G$3:$G$1025,MATCH($E5,学年度总表!$E$3:$E$1025,0))) -> 10.3 | H5: =IF(INDEX(学年度总表!$H$3:$H$1025,MATCH($E5,学年度总表!$E$3:$E$1025,0))="","",INDEX(学年度总表!$H$3:$H$1025,MATCH($E5,学年度总表!$E$3:$E$1025,0))) -> 67.902439 | I5: =IF(INDEX(学年度总表!$I$3:$I$1025,MATCH($E5,学年度总表!$E$3:$E$1025,0))="","",INDEX(学年度总表!$I$3:$I$1025,MATCH($E5,学年度总表!$E$3:$E$1025,0))) -> 4.7 | J5: =IF(INDEX(学年度总表!$J$3:$J$1025,MATCH($E5,学年度总表!$E$3:$E$1025,0))="","",INDEX(学年度总表!$J$3:$J$1025,MATCH($E5,学年度总表!$E$3:$E$1025,0))) -> 82.9 | K5: =IF(INDEX(学年度总表!$K$3:$K$1025,MATCH($E5,学年度总表!$E$3:$E$1025,0))="","",INDEX(学年度总表!$K$3:$K$1025,MATCH($E5,学年度总表!$E$3:$E$1025,0))) -> 11.3 | L5: =IF(INDEX(学年度总表!$L$3:$L$1025,MATCH($E5,学年度总表!$E$3:$E$1025,0))="","",INDEX(学年度总表!$L$3:$L$1025,MATCH($E5,学年度总表!$E$3:$E$1025,0))) -> 70.65 | M5: =IF(INDEX(学年度总表!$M$3:$M$1025,MATCH($E5,学年度总表!$E$3:$E$1025,0))="","",INDEX(学年度总表!$M$3:$M$1025,MATCH($E5,学年度总表!$E$3:$E$1025,0))) -> 6.4 | N5: =IF(INDEX(学年度总表!$N$3:$N$1025,MATCH($E5,学年度总表!$E$3:$E$1025,0))="","",INDEX(学年度总表!$N$3:$N$1025,MATCH($E5,学年度总表!$E$3:$E$1025,0))) -> 88.35 | O5: =IF(INDEX(学年度总表!$O$3:$O$1025,MATCH($E5,学年度总表!$E$3:$E$1025,0))="","",INDEX(学年度总表!$O$3:$O$1025,MATCH($E5,学年度总表!$E$3:$E$1025,0))) -> 171.25 | P5: =IF(INDEX(学年度总表!$P$3:$P$1025,MATCH($E5,学年度总表!$E$3:$E$1025,0))="","",INDEX(学年度总表!$P$3:$P$1025,MATCH($E5,学年度总表!$E$3:$E$1025,0))) -> 校一等 | Q5: =IF(INDEX(学年度总表!$Q$3:$Q$1025,MATCH($E5,学年度总表!$E$3:$E$1025,0))="","",INDEX(学年度总表!$Q$3:$Q$1025,MATCH($E5,学年度总表!$E$3:$E$1025,0)))
A6: =IF(INDEX(学年度总表!$A$3:$A$1025,MATCH($E6,学年度总表!$E$3:$E$1025,0))="","",INDEX(学年度总表!$A$3:$A$1025,MATCH($E6,学年度总表!$E$3:$E$1025,0))) -> 13 | B6: =IF(INDEX(学年度总表!$B$3:$B$1025,MATCH($E6,学年度总表!$E$3:$E$1025,0))="","",INDEX(学年度总表!$B$3:$B$1025,MATCH($E6,学年度总表!$E$3:$E$1025,0))) -> 4 | C6: =IF(INDEX(学年度总表!$C$3:$C$1025,MATCH($E6,学年度总表!$E$3:$E$1025,0))="","",INDEX(学年度总表!$C$3:$C$1025,MATCH($E6,学年度总表!$E$3:$E$1025,0))) -> 计科 | D6: =IF(INDEX(学年度总表!$D$3:$D$1025,MATCH($E6,学年度总表!$E$3:$E$1025,0))="","",INDEX(学年度总表!$D$3:$D$1025,MATCH($E6,学年度总表!$E$3:$E$1025,0))) -> 计科四班 | E6: 250450414 | F6: =IF(INDEX(学年度总表!$F$3:$F$1025,MATCH($E6,学年度总表!$E$3:$E$1025,0))="","",INDEX(学年度总表!$F$3:$F$1025,MATCH($E6,学年度总表!$E$3:$E$1025,0))) -> 迟钰莹 | G6: =IF(INDEX(学年度总表!$G$3:$G$1025,MATCH($E6,学年度总表!$E$3:$E$1025,0))="","",INDEX(学年度总表!$G$3:$G$1025,MATCH($E6,学年度总表!$E$3:$E$1025,0))) -> 10.8 | H6: =IF(INDEX(学年度总表!$H$3:$H$1025,MATCH($E6,学年度总表!$E$3:$E$1025,0))="","",INDEX(学年度总表!$H$3:$H$1025,MATCH($E6,学年度总表!$E$3:$E$1025,0))) -> 67.633333 | I6: =IF(INDEX(学年度总表!$I$3:$I$1025,MATCH($E6,学年度总表!$E$3:$E$1025,0))="","",INDEX(学年度总表!$I$3:$I$1025,MATCH($E6,学年度总表!$E$3:$E$1025,0))) -> 5.5 | J6: =IF(INDEX(学年度总表!$J$3:$J$1025,MATCH($E6,学年度总表!$E$3:$E$1025,0))="","",INDEX(学年度总表!$J$3:$J$1025,MATCH($E6,学年度总表!$E$3:$E$1025,0))) -> 83.93 | K6: =IF(INDEX(学年度总表!$K$3:$K$1025,MATCH($E6,学年度总表!$E$3:$E$1025,0))="","",INDEX(学年度总表!$K$3:$K$1025,MATCH($E6,学年度总表!$E$3:$E$1025,0))) -> 10 | L6: =IF(INDEX(学年度总表!$L$3:$L$1025,MATCH($E6,学年度总表!$E$3:$E$1025,0))="","",INDEX(学年度总表!$L$3:$L$1025,MATCH($E6,学年度总表!$E$3:$E$1025,0))) -> 71.75 | M6: =IF(INDEX(学年度总表!$M$3:$M$1025,MATCH($E6,学年度总表!$E$3:$E$1025,0))="","",INDEX(学年度总表!$M$3:$M$1025,MATCH($E6,学年度总表!$E$3:$E$1025,0))) -> 5.4 | N6: =IF(INDEX(学年度总表!$N$3:$N$1025,MATCH($E6,学年度总表!$E$3:$E$1025,0))="","",INDEX(学年度总表!$N$3:$N$1025,MATCH($E6,学年度总表!$E$3:$E$1025,0))) -> 87.15 | O6: =IF(INDEX(学年度总表!$O$3:$O$1025,MATCH($E6,学年度总表!$E$3:$E$1025,0))="","",INDEX(学年度总表!$O$3:$O$1025,MATCH($E6,学年度总表!$E$3:$E$1025,0))) -> 171.08 | P6: =IF(INDEX(学年度总表!$P$3:$P$1025,MATCH($E6,学年度总表!$E$3:$E$1025,0))="","",INDEX(学年度总表!$P$3:$P$1025,MATCH($E6,学年度总表!$E$3:$E$1025,0))) -> 校一等 | Q6: =IF(INDEX(学年度总表!$Q$3:$Q$1025,MATCH($E6,学年度总表!$E$3:$E$1025,0))="","",INDEX(学年度总表!$Q$3:$Q$1025,MATCH($E6,学年度总表!$E$3:$E$1025,0)))
A7: =IF(INDEX(学年度总表!$A$3:$A$1025,MATCH($E7,学年度总表!$E$3:$E$1025,0))="","",INDEX(学年度总表!$A$3:$A$1025,MATCH($E7,学年度总表!$E$3:$E$1025,0))) -> 20 | B7: =IF(INDEX(学年度总表!$B$3:$B$1025,MATCH($E7,学年度总表!$E$3:$E$1025,0))="","",INDEX(学年度总表!$B$3:$B$1025,MATCH($E7,学年度总表!$E$3:$E$1025,0))) -> 5 | C7: =IF(INDEX(学年度总表!$C$3:$C$1025,MATCH($E7,学年度总表!$E$3:$E$1025,0))="","",INDEX(学年度总表!$C$3:$C$1025,MATCH($E7,学年度总表!$E$3:$E$1025,0))) -> 计科 | D7: =IF(INDEX(学年度总表!$D$3:$D$1025,MATCH($E7,学年度总表!$E$3:$E$1025,0))="","",INDEX(学年度总表!$D$3:$D$1025,MATCH($E7,学年度总表!$E$3:$E$1025,0))) -> 计科三班 | E7: 250450315 | F7: =IF(INDEX(学年度总表!$F$3:$F$1025,MATCH($E7,学年度总表!$E$3:$E$1025,0))="","",INDEX(学年度总表!$F$3:$F$1025,MATCH($E7,学年度总表!$E$3:$E$1025,0))) -> 程俊杰 | G7: =IF(INDEX(学年度总表!$G$3:$G$1025,MATCH($E7,学年度总表!$E$3:$E$1025,0))="","",INDEX(学年度总表!$G$3:$G$1025,MATCH($E7,学年度总表!$E$3:$E$1025,0))) -> 9.8 | H7: =IF(INDEX(学年度总表!$H$3:$H$1025,MATCH($E7,学年度总表!$E$3:$E$1025,0))="","",INDEX(学年度总表!$H$3:$H$1025,MATCH($E7,学年度总表!$E$3:$E$1025,0))) -> 71.232558 | I7: =IF(INDEX(学年度总表!$I$3:$I$1025,MATCH($E7,学年度总表!$E$3:$E$1025,0))="","",INDEX(学年度总表!$I$3:$I$1025,MATCH($E7,学年度总表!$E$3:$E$1025,0))) -> 5.2 | J7: =IF(INDEX(学年度总表!$J$3:$J$1025,MATCH($E7,学年度总表!$E$3:$E$1025,0))="","",INDEX(学年度总表!$J$3:$J$1025,MATCH($E7,学年度总表!$E$3:$E$1025,0))) -> 86.23 | K7: =IF(INDEX(学年度总表!$K$3:$K$1025,MATCH($E7,学年度总表!$E$3:$E$1025,0))="","",INDEX(学年度总表!$K$3:$K$1025,MATCH($E7,学年度总表!$E$3:$E$1025,0))) -> 9 | L7: =IF(INDEX(学年度总表!$L$3:$L$1025,MATCH($E7,学年度总表!$E$3:$E$1025,0))="","",INDEX(学年度总表!$L$3:$L$1025,MATCH($E7,学年度总表!$E$3:$E$1025,0))) -> 68.5 | M7: =IF(INDEX(学年度总表!$M$3:$M$1025,MATCH($E7,学年度总表!$E$3:$E$1025,0))="","",INDEX(学年度总表!$M$3:$M$1025,MATCH($E7,学年度总表!$E$3:$E$1025,0))) -> 5.2 | N7: =IF(INDEX(学年度总表!$N$3:$N$1025,MATCH($E7,学年度总表!$E$3:$E$1025,0))="","",INDEX(学年度总表!$N$3:$N$1025,MATCH($E7,学年度总表!$E$3:$E$1025,0))) -> 82.7 | O7: =IF(INDEX(学年度总表!$O$3:$O$1025,MATCH($E7,学年度总表!$E$3:$E$1025,0))="","",INDEX(学年度总表!$O$3:$O$1025,MATCH($E7,学年度总表!$E$3:$E$1025,0))) -> 168.93 | P7: =IF(INDEX(学年度总表!$P$3:$P$1025,MATCH($E7,学年度总表!$E$3:$E$1025,0))="","",INDEX(学年度总表!$P$3:$P$1025,MATCH($E7,学年度总表!$E$3:$E$1025,0))) -> 校二等 | Q7: =IF(INDEX(学年度总表!$Q$3:$Q$1025,MATCH($E7,学年度总表!$E$3:$E$1025,0))="","",INDEX(学年度总表!$Q$3:$Q$1025,MATCH($E7,学年度总表!$E$3:$E$1025,0)))
A8: =IF(INDEX(学年度总表!$A$3:$A$1025,MATCH($E8,学年度总表!$E$3:$E$1025,0))="","",INDEX(学年度总表!$A$3:$A$1025,MATCH($E8,学年度总表!$E$3:$E$1025,0))) -> 26 | B8: =IF(INDEX(学年度总表!$B$3:$B$1025,MATCH($E8,学年度总表!$E$3:$E$1025,0))="","",INDEX(学年度总表!$B$3:$B$1025,MATCH($E8,学年度总表!$E$3:$E$1025,0))) -> 6 | C8: =IF(INDEX(学年度总表!$C$3:$C$1025,MATCH($E8,学年度总表!$E$3:$E$1025,0))="","",INDEX(学年度总表!$C$3:$C$1025,MATCH($E8,学年度总表!$E$3:$E$1025,0))) -> 计科 | D8: =IF(INDEX(学年度总表!$D$3:$D$1025,MATCH($E8,学年度总表!$E$3:$E$1025,0))="","",INDEX(学年度总表!$D$3:$D$1025,MATCH($E8,学年度总表!$E$3:$E$1025,0))) -> 计科二班 | E8: 250450219 | F8: =IF(INDEX(学年度总表!$F$3:$F$1025,MATCH($E8,学年度总表!$E$3:$E$1025,0))="","",INDEX(学年度总表!$F$3:$F$1025,MATCH($E8,学年度总表!$E$3:$E$1025,0))) -> 郭子萌 | G8: =IF(INDEX(学年度总表!$G$3:$G$1025,MATCH($E8,学年度总表!$E$3:$E$1025,0))="","",INDEX(学年度总表!$G$3:$G$1025,MATCH($E8,学年度总表!$E$3:$E$1025,0))) -> 9.8 | H8: =IF(INDEX(学年度总表!$H$3:$H$1025,MATCH($E8,学年度总表!$E$3:$E$1025,0))="","",INDEX(学年度总表!$H$3:$H$1025,MATCH($E8,学年度总表!$E$3:$E$1025,0))) -> 68.573171 | I8: =IF(INDEX(学年度总表!$I$3:$I$1025,MATCH($E8,学年度总表!$E$3:$E$1025,0))="","",INDEX(学年度总表!$I$3:$I$1025,MATCH($E8,学年度总表!$E$3:$E$1025,0))) -> 4.2 | J8: =IF(INDEX(学年度总表!$J$3:$J$1025,MATCH($E8,学年度总表!$E$3:$E$1025,0))="","",INDEX(学年度总表!$J$3:$J$1025,MATCH($E8,学年度总表!$E$3:$E$1025,0))) -> 82.57 | K8: =IF(INDEX(学年度总表!$K$3:$K$1025,MATCH($E8,学年度总表!$E$3:$E$1025,0))="","",INDEX(学年度总表!$K$3:$K$1025,MATCH($E8,学年度总表!$E$3:$E$1025,0))) -> 9.8 | L8: =IF(INDEX(学年度总表!$L$3:$L$1025,MATCH($E8,学年度总表!$E$3:$E$1025,0))="","",INDEX(学年度总表!$L$3:$L$1025,MATCH($E8,学年度总表!$E$3:$E$1025,0))) -> 71.45 | M8: =IF(INDEX(学年度总表!$M$3:$M$1025,MATCH($E8,学年度总表!$E$3:$E$1025,0))="","",INDEX(学年度总表!$M$3:$M$1025,MATCH($E8,学年度总表!$E$3:$E$1025,0))) -> 4 | N8: =IF(INDEX(学年度总表!$N$3:$N$1025,MATCH($E8,学年度总表!$E$3:$E$1025,0))="","",INDEX(学年度总表!$N$3:$N$1025,MATCH($E8,学年度总表!$E$3:$E$1025,0))) -> 85.25 | O8: =IF(INDEX(学年度总表!$O$3:$O$1025,MATCH($E8,学年度总表!$E$3:$E$1025,0))="","",INDEX(学年度总表!$O$3:$O$1025,MATCH($E8,学年度总表!$E$3:$E$1025,0))) -> 167.82 | P8: =IF(INDEX(学年度总表!$P$3:$P$1025,MATCH($E8,学年度总表!$E$3:$E$1025,0))="","",INDEX(学年度总表!$P$3:$P$1025,MATCH($E8,学年度总表!$E$3:$E$1025,0))) -> 校二等 | Q8: =IF(INDEX(学年度总表!$Q$3:$Q$1025,MATCH($E8,学年度总表!$E$3:$E$1025,0))="","",INDEX(学年度总表!$Q$3:$Q$1025,MATCH($E8,学年度总表!$E$3:$E$1025,0)))
A9: =IF(INDEX(学年度总表!$A$3:$A$1025,MATCH($E9,学年度总表!$E$3:$E$1025,0))="","",INDEX(学年度总表!$A$3:$A$1025,MATCH($E9,学年度总表!$E$3:$E$1025,0))) -> 30 | B9: =IF(INDEX(学年度总表!$B$3:$B$1025,MATCH($E9,学年度总表!$E$3:$E$1025,0))="","",INDEX(学年度总表!$B$3:$B$1025,MATCH($E9,学年度总表!$E$3:$E$1025,0))) -> 7 | C9: =IF(INDEX(学年度总表!$C$3:$C$1025,MATCH($E9,学年度总表!$E$3:$E$1025,0))="","",INDEX(学年度总表!$C$3:$C$1025,MATCH($E9,学年度总表!$E$3:$E$1025,0))) -> 计科 | D9: =IF(INDEX(学年度总表!$D$3:$D$1025,MATCH($E9,学年度总表!$E$3:$E$1025,0))="","",INDEX(学年度总表!$D$3:$D$1025,MATCH($E9,学年度总表!$E$3:$E$1025,0))) -> 计科三班 | E9: 250450312 | F9: =IF(INDEX(学年度总表!$F$3:$F$1025,MATCH($E9,学年度总表!$E$3:$E$1025,0))="","",INDEX(学年度总表!$F$3:$F$1025,MATCH($E9,学年度总表!$E$3:$E$1025,0))) -> 赵紫仪 | G9: =IF(INDEX(学年度总表!$G$3:$G$1025,MATCH($E9,学年度总表!$E$3:$E$1025,0))="","",INDEX(学年度总表!$G$3:$G$1025,MATCH($E9,学年度总表!$E$3:$E$1025,0))) -> 13.1 | H9: =IF(INDEX(学年度总表!$H$3:$H$1025,MATCH($E9,学年度总表!$E$3:$E$1025,0))="","",INDEX(学年度总表!$H$3:$H$1025,MATCH($E9,学年度总表!$E$3:$E$1025,0))) -> 70.646341 | I9: =IF(INDEX(学年度总表!$I$3:$I$1025,MATCH($E9,学年度总表!$E$3:$E$1025,0))="","",INDEX(学年度总表!$I$3:$I$1025,MATCH($E9,学年度总表!$E$3:$E$1025,0))) -> 4.5 | J9: =IF(INDEX(学年度总表!$J$3:$J$1025,MATCH($E9,学年度总表!$E$3:$E$1025,0))="","",INDEX(学年度总表!$J$3:$J$1025,MATCH($E9,学年度总表!$E$3:$E$1025,0))) -> 88.25 | K9: =IF(INDEX(学年度总表!$K$3:$K$1025,MATCH($E9,学年度总表!$E$3:$E$1025,0))="","",INDEX(学年度总表!$K$3:$K$1025,MATCH($E9,学年度总表!$E$3:$E$1025,0))) -> 11 | L9: =IF(INDEX(学年度总表!$L$3:$L$1025,MATCH($E9,学年度总表!$E$3:$E$1025,0))="","",INDEX(学年度总表!$L$3:$L$1025,MATCH($E9,学年度总表!$E$3:$E$1025,0))) -> 61.75 | M9: =IF(INDEX(学年度总表!$M$3:$M$1025,MATCH($E9,学年度总表!$E$3:$E$1025,0))="","",INDEX(学年度总表!$M$3:$M$1025,MATCH($E9,学年度总表!$E$3:$E$1025,0))) -> 5.4 | N9: =IF(INDEX(学年度总表!$N$3:$N$1025,MATCH($E9,学年度总表!$E$3:$E$1025,0))="","",INDEX(学年度总表!$N$3:$N$1025,MATCH($E9,学年度总表!$E$3:$E$1025,0))) -> 78.15 | O9: =IF(INDEX(学年度总表!$O$3:$O$1025,MATCH($E9,学年度总表!$E$3:$E$1025,0))="","",INDEX(学年度总表!$O$3:$O$1025,MATCH($E9,学年度总表!$E$3:$E$1025,0))) -> 166.4 | P9: =IF(INDEX(学年度总表!$P$3:$P$1025,MATCH($E9,学年度总表!$E$3:$E$1025,0))="","",INDEX(学年度总表!$P$3:$P$1025,MATCH($E9,学年度总表!$E$3:$E$1025,0))) -> 校二等 | Q9: =IF(INDEX(学年度总表!$Q$3:$Q$1025,MATCH($E9,学年度总表!$E$3:$E$1025,0))="","",INDEX(学年度总表!$Q$3:$Q$1025,MATCH($E9,学年度总表!$E$3:$E$1025,0)))
A10: =IF(INDEX(学年度总表!$A$3:$A$1025,MATCH($E10,学年度总表!$E$3:$E$1025,0))="","",INDEX(学年度总表!$A$3:$A$1025,MATCH($E10,学年度总表!$E$3:$E$1025,0))) -> 32 | B10: =IF(INDEX(学年度总表!$B$3:$B$1025,MATCH($E10,学年度总表!$E$3:$E$1025,0))="","",INDEX(学年度总表!$B$3:$B$1025,MATCH($E10,学年度总表!$E$3:$E$1025,0))) -> 8 | C10: =IF(INDEX(学年度总表!$C$3:$C$1025,MATCH($E10,学年度总表!$E$3:$E$1025,0))="","",INDEX(学年度总表!$C$3:$C$1025,MATCH($E10,学年度总表!$E$3:$E$1025,0))) -> 计科 | D10: =IF(INDEX(学年度总表!$D$3:$D$1025,MATCH($E10,学年度总表!$E$3:$E$1025,0))="","",INDEX(学年度总表!$D$3:$D$1025,MATCH($E10,学年度总表!$E$3:$E$1025,0))) -> 计科一班 | E10: 250450122 | F10: =IF(INDEX(学年度总表!$F$3:$F$1025,MATCH($E10,学年度总表!$E$3:$E$1025,0))="","",INDEX(学年度总表!$F$3:$F$1025,MATCH($E10,学年度总表!$E$3:$E$1025,0))) -> 张淅傲 | G10: =IF(INDEX(学年度总表!$G$3:$G$1025,MATCH($E10,学年度总表!$E$3:$E$1025,0))="","",INDEX(学年度总表!$G$3:$G$1025,MATCH($E10,学年度总表!$E$3:$E$1025,0))) -> 12.8 | H10: =IF(INDEX(学年度总表!$H$3:$H$1025,MATCH($E10,学年度总表!$E$3:$E$1025,0))="","",INDEX(学年度总表!$H$3:$H$1025,MATCH($E10,学年度总表!$E$3:$E$1025,0))) -> 66.533333 | I10: =IF(INDEX(学年度总表!$I$3:$I$1025,MATCH($E10,学年度总表!$E$3:$E$1025,0))="","",INDEX(学年度总表!$I$3:$I$1025,MATCH($E10,学年度总表!$E$3:$E$1025,0))) -> 5.8 | J10: =IF(INDEX(学年度总表!$J$3:$J$1025,MATCH($E10,学年度总表!$E$3:$E$1025,0))="","",INDEX(学年度总表!$J$3:$J$1025,MATCH($E10,学年度总表!$E$3:$E$1025,0))) -> 85.13 | K10: =IF(INDEX(学年度总表!$K$3:$K$1025,MATCH($E10,学年度总表!$E$3:$E$1025,0))="","",INDEX(学年度总表!$K$3:$K$1025,MATCH($E10,学年度总表!$E$3:$E$1025,0))) -> 11.3 | L10: =IF(INDEX(学年度总表!$L$3:$L$1025,MATCH($E10,学年度总表!$E$3:$E$1025,0))="","",INDEX(学年度总表!$L$3:$L$1025,MATCH($E10,学年度总表!$E$3:$E$1025,0))) -> 61.55 | M10: =IF(INDEX(学年度总表!$M$3:$M$1025,MATCH($E10,学年度总表!$E$3:$E$1025,0))="","",INDEX(学年度总表!$M$3:$M$1025,MATCH($E10,学年度总表!$E$3:$E$1025,0))) -> 8.4 | N10: =IF(INDEX(学年度总表!$N$3:$N$1025,MATCH($E10,学年度总表!$E$3:$E$1025,0))="","",INDEX(学年度总表!$N$3:$N$1025,MATCH($E10,学年度总表!$E$3:$E$1025,0))) -> 81.25 | O10: =IF(INDEX(学年度总表!$O$3:$O$1025,MATCH($E10,学年度总表!$E$3:$E$1025,0))="","",INDEX(学年度总表!$O$3:$O$1025,MATCH($E10,学年度总表!$E$3:$E$1025,0))) -> 166.38 | P10: =IF(INDEX(学年度总表!$P$3:$P$1025,MATCH($E10,学年度总表!$E$3:$E$1025,0))="","",INDEX(学年度总表!$P$3:$P$1025,MATCH($E10,学年度总表!$E$3:$E$1025,0))) | Q10: =IF(INDEX(学年度总表!$Q$3:$Q$1025,MATCH($E10,学年度总表!$E$3:$E$1025,0))="","",INDEX(学年度总表!$Q$3:$Q$1025,MATCH($E10,学年度总表!$E$3:$E$1025,0)))
A11: =IF(INDEX(学年度总表!$A$3:$A$1025,MATCH($E11,学年度总表!$E$3:$E$1025,0))="","",INDEX(学年度总表!$A$3:$A$1025,MATCH($E11,学年度总表!$E$3:$E$1025,0))) -> 41 | B11: =IF(INDEX(学年度总表!$B$3:$B$1025,MATCH($E11,学年度总表!$E$3:$E$1025,0))="","",INDEX(学年度总表!$B$3:$B$1025,MATCH($E11,学年度总表!$E$3:$E$1025,0))) -> 9 | C11: =IF(INDEX(学年度总表!$C$3:$C$1025,MATCH($E11,学年度总表!$E$3:$E$1025,0))="","",INDEX(学年度总表!$C$3:$C$1025,MATCH($E11,学年度总表!$E$3:$E$1025,0))) -> 计科 | D11: =IF(INDEX(学年度总表!$D$3:$D$1025,MATCH($E11,学年度总表!$E$3:$E$1025,0))="","",INDEX(学年度总表!$D$3:$D$1025,MATCH($E11,学年度总表!$E$3:$E$1025,0))) -> 计科一班 | E11: 250450124 | F11: =IF(INDEX(学年度总表!$F$3:$F$1025,MATCH($E11,学年度总表!$E$3:$E$1025,0))="","",INDEX(学年度总表!$F$3:$F$1025,MATCH($E11,学年度总表!$E$3:$E$1025,0))) -> 刘奕含 | G11: =IF(INDEX(学年度总表!$G$3:$G$1025,MATCH($E11,学年度总表!$E$3:$E$1025,0))="","",INDEX(学年度总表!$G$3:$G$1025,MATCH($E11,学年度总表!$E$3:$E$1025,0))) -> 10.8 | H11: =IF(INDEX(学年度总表!$H$3:$H$1025,MATCH($E11,学年度总表!$E$3:$E$1025,0))="","",INDEX(学年度总表!$H$3:$H$1025,MATCH($E11,学年度总表!$E$3:$E$1025,0))) -> 65.865854 | I11: =IF(INDEX(学年度总表!$I$3:$I$1025,MATCH($E11,学年度总表!$E$3:$E$1025,0))="","",INDEX(学年度总表!$I$3:$I$1025,MATCH($E11,学年度总表!$E$3:$E$1025,0))) -> 5 | J11: =IF(INDEX(学年度总表!$J$3:$J$1025,MATCH($E11,学年度总表!$E$3:$E$1025,0))="","",INDEX(学年度总表!$J$3:$J$1025,MATCH($E11,学年度总表!$E$3:$E$1025,0))) -> 81.67 | K11: =IF(INDEX(学年度总表!$K$3:$K$1025,MATCH($E11,学年度总表!$E$3:$E$1025,0))="","",INDEX(学年度总表!$K$3:$K$1025,MATCH($E11,学年度总表!$E$3:$E$1025,0))) -> 10.8 | L11: =IF(INDEX(学年度总表!$L$3:$L$1025,MATCH($E11,学年度总表!$E$3:$E$1025,0))="","",INDEX(学年度总表!$L$3:$L$1025,MATCH($E11,学年度总表!$E$3:$E$1025,0))) -> 66.24 | M11: =IF(INDEX(学年度总表!$M$3:$M$1025,MATCH($E11,学年度总表!$E$3:$E$1025,0))="","",INDEX(学年度总表!$M$3:$M$1025,MATCH($E11,学年度总表!$E$3:$E$1025,0))) -> 6.2 | N11: =IF(INDEX(学年度总表!$N$3:$N$1025,MATCH($E11,学年度总表!$E$3:$E$1025,0))="","",INDEX(学年度总表!$N$3:$N$1025,MATCH($E11,学年度总表!$E$3:$E$1025,0))) -> 83.24 | O11: =IF(INDEX(学年度总表!$O$3:$O$1025,MATCH($E11,学年度总表!$E$3:$E$1025,0))="","",INDEX(学年度总表!$O$3:$O$1025,MATCH($E11,学年度总表!$E$3:$E$1025,0))) -> 164.91 | P11: =IF(INDEX(学年度总表!$P$3:$P$1025,MATCH($E11,学年度总表!$E$3:$E$1025,0))="","",INDEX(学年度总表!$P$3:$P$1025,MATCH($E11,学年度总表!$E$3:$E$1025,0))) -> 校二等 | Q11: =IF(INDEX(学年度总表!$Q$3:$Q$1025,MATCH($E11,学年度总表!$E$3:$E$1025,0))="","",INDEX(学年度总表!$Q$3:$Q$1025,MATCH($E11,学年度总表!$E$3:$E$1025,0)))
A12: =IF(INDEX(学年度总表!$A$3:$A$1025,MATCH($E12,学年度总表!$E$3:$E$1025,0))="","",INDEX(学年度总表!$A$3:$A$1025,MATCH($E12,学年度总表!$E$3:$E$1025,0))) -> 42 | B12: =IF(INDEX(学年度总表!$B$3:$B$1025,MATCH($E12,学年度总表!$E$3:$E$1025,0))="","",INDEX(学年度总表!$B$3:$B$1025,MATCH($E12,学年度总表!$E$3:$E$1025,0))) -> 10 | C12: =IF(INDEX(学年度总表!$C$3:$C$1025,MATCH($E12,学年度总表!$E$3:$E$1025,0))="","",INDEX(学年度总表!$C$3:$C$1025,MATCH($E12,学年度总表!$E$3:$E$1025,0))) -> 计科 | D12: =IF(INDEX(学年度总表!$D$3:$D$1025,MATCH($E12,学年度总表!$E$3:$E$1025,0))="","",INDEX(学年度总表!$D$3:$D$1025,MATCH($E12,学年度总表!$E$3:$E$1025,0))) -> 计科三班 | E12: 250450323 | F12: =IF(INDEX(学年度总表!$F$3:$F$1025,MATCH($E12,学年度总表!$E$3:$E$1025,0))="","",INDEX(学年度总表!$F$3:$F$1025,MATCH($E12,学年度总表!$E$3:$E$1025,0))) -> 吕佳妮 | G12: =IF(INDEX(学年度总表!$G$3:$G$1025,MATCH($E12,学年度总表!$E$3:$E$1025,0))="","",INDEX(学年度总表!$G$3:$G$1025,MATCH($E12,学年度总表!$E$3:$E$1025,0))) -> 10.8 | H12: =IF(INDEX(学年度总表!$H$3:$H$1025,MATCH($E12,学年度总表!$E$3:$E$1025,0))="","",INDEX(学年度总表!$H$3:$H$1025,MATCH($E12,学年度总表!$E$3:$E$1025,0))) -> 69.170732 | I12: =IF(INDEX(学年度总表!$I$3:$I$1025,MATCH($E12,学年度总表!$E$3:$E$1025,0))="","",INDEX(学年度总表!$I$3:$I$1025,MATCH($E12,学年度总表!$E$3:$E$1025,0))) -> 4.5 | J12: =IF(INDEX(学年度总表!$J$3:$J$1025,MATCH($E12,学年度总表!$E$3:$E$1025,0))="","",INDEX(学年度总表!$J$3:$J$1025,MATCH($E12,学年度总表!$E$3:$E$1025,0))) -> 84.47 | K12: =IF(INDEX(学年度总表!$K$3:$K$1025,MATCH($E12,学年度总表!$E$3:$E$1025,0))="","",INDEX(学年度总表!$K$3:$K$1025,MATCH($E12,学年度总表!$E$3:$E$1025,0))) -> 9 | L12: =IF(INDEX(学年度总表!$L$3:$L$1025,MATCH($E12,学年度总表!$E$3:$E$1025,0))="","",INDEX(学年度总表!$L$3:$L$1025,MATCH($E12,学年度总表!$E$3:$E$1025,0))) -> 65.49 | M12: =IF(INDEX(学年度总表!$M$3:$M$1025,MATCH($E12,学年度总表!$E$3:$E$1025,0))="","",INDEX(学年度总表!$M$3:$M$1025,MATCH($E12,学年度总表!$E$3:$E$1025,0))) -> 5.9 | N12: =IF(INDEX(学年度总表!$N$3:$N$1025,MATCH($E12,学年度总表!$E$3:$E$1025,0))="","",INDEX(学年度总表!$N$3:$N$1025,MATCH($E12,学年度总表!$E$3:$E$1025,0))) -> 80.39 | O12: =IF(INDEX(学年度总表!$O$3:$O$1025,MATCH($E12,学年度总表!$E$3:$E$1025,0))="","",INDEX(学年度总表!$O$3:$O$1025,MATCH($E12,学年度总表!$E$3:$E$1025,0))) -> 164.86 | P12: =IF(INDEX(学年度总表!$P$3:$P$1025,MATCH($E12,学年度总表!$E$3:$E$1025,0))="","",INDEX(学年度总表!$P$3:$P$1025,MATCH($E12,学年度总表!$E$3:$E$1025,0))) -> 校三等 | Q12: =IF(INDEX(学年度总表!$Q$3:$Q$1025,MATCH($E12,学年度总表!$E$3:$E$1025,0))="","",INDEX(学年度总表!$Q$3:$Q$1025,MATCH($E12,学年度总表!$E$3:$E$1025,0)))
A13: =IF(INDEX(学年度总表!$A$3:$A$1025,MATCH($E13,学年度总表!$E$3:$E$1025,0))="","",INDEX(学年度总表!$A$3:$A$1025,MATCH($E13,学年度总表!$E$3:$E$1025,0))) -> 45 | B13: =IF(INDEX(学年度总表!$B$3:$B$1025,MATCH($E13,学年度总表!$E$3:$E$1025,0))="","",INDEX(学年度总表!$B$3:$B$1025,MATCH($E13,学年度总表!$E$3:$E$1025,0))) -> 11 | C13: =IF(INDEX(学年度总表!$C$3:$C$1025,MATCH($E13,学年度总表!$E$3:$E$1025,0))="","",INDEX(学年度总表!$C$3:$C$1025,MATCH($E13,学年度总表!$E$3:$E$1025,0))) -> 计科 | D13: =IF(INDEX(学年度总表!$D$3:$D$1025,MATCH($E13,学年度总表!$E$3:$E$1025,0))="","",INDEX(学年度总表!$D$3:$D$1025,MATCH($E13,学年度总表!$E$3:$E$1025,0))) -> 计科二班 | E13: 250450232 | F13: =IF(INDEX(学年度总表!$F$3:$F$1025,MATCH($E13,学年度总表!$E$3:$E$1025,0))="","",INDEX(学年度总表!$F$3:$F$1025,MATCH($E13,学年度总表!$E$3:$E$1025,0))) -> 聂煜翀 | G13: =IF(INDEX(学年度总表!$G$3:$G$1025,MATCH($E13,学年度总表!$E$3:$E$1025,0))="","",INDEX(学年度总表!$G$3:$G$1025,MATCH($E13,学年度总表!$E$3:$E$1025,0))) -> 10.3 | H13: =IF(INDEX(学年度总表!$H$3:$H$1025,MATCH($E13,学年度总表!$E$3:$E$1025,0))="","",INDEX(学年度总表!$H$3:$H$1025,MATCH($E13,学年度总表!$E$3:$E$1025,0))) -> 67.366667 | I13: =IF(INDEX(学年度总表!$I$3:$I$1025,MATCH($E13,学年度总表!$E$3:$E$1025,0))="","",INDEX(学年度总表!$I$3:$I$1025,MATCH($E13,学年度总表!$E$3:$E$1025,0))) -> 4.9 | J13: =IF(INDEX(学年度总表!$J$3:$J$1025,MATCH($E13,学年度总表!$E$3:$E$1025,0))="","",INDEX(学年度总表!$J$3:$J$1025,MATCH($E13,学年度总表!$E$3:$E$1025,0))) -> 82.57 | K13: =IF(INDEX(学年度总表!$K$3:$K$1025,MATCH($E13,学年度总表!$E$3:$E$1025,0))="","",INDEX(学年度总表!$K$3:$K$1025,MATCH($E13,学年度总表!$E$3:$E$1025,0))) -> 9.8 | L13: =IF(INDEX(学年度总表!$L$3:$L$1025,MATCH($E13,学年度总表!$E$3:$E$1025,0))="","",INDEX(学年度总表!$L$3:$L$1025,MATCH($E13,学年度总表!$E$3:$E$1025,0))) -> 67.57 | M13: =IF(INDEX(学年度总表!$M$3:$M$1025,MATCH($E13,学年度总表!$E$3:$E$1025,0))="","",INDEX(学年度总表!$M$3:$M$1025,MATCH($E13,学年度总表!$E$3:$E$1025,0))) -> 4.7 | N13: =IF(INDEX(学年度总表!$N$3:$N$1025,MATCH($E13,学年度总表!$E$3:$E$1025,0))="","",INDEX(学年度总表!$N$3:$N$1025,MATCH($E13,学年度总表!$E$3:$E$1025,0))) -> 82.07 | O13: =IF(INDEX(学年度总表!$O$3:$O$1025,MATCH($E13,学年度总表!$E$3:$E$1025,0))="","",INDEX(学年度总表!$O$3:$O$1025,MATCH($E13,学年度总表!$E$3:$E$1025,0))) -> 164.64 | P13: =IF(INDEX(学年度总表!$P$3:$P$1025,MATCH($E13,学年度总表!$E$3:$E$1025,0))="","",INDEX(学年度总表!$P$3:$P$1025,MATCH($E13,学年度总表!$E$3:$E$1025,0))) -> 校三等 | Q13: =IF(INDEX(学年度总表!$Q$3:$Q$1025,MATCH($E13,学年度总表!$E$3:$E$1025,0))="","",INDEX(学年度总表!$Q$3:$Q$1025,MATCH($E13,学年度总表!$E$3:$E$1025,0)))
A14: =IF(INDEX(学年度总表!$A$3:$A$1025,MATCH($E14,学年度总表!$E$3:$E$1025,0))="","",INDEX(学年度总表!$A$3:$A$1025,MATCH($E14,学年度总表!$E$3:$E$1025,0))) -> 46 | B14: =IF(INDEX(学年度总表!$B$3:$B$1025,MATCH($E14,学年度总表!$E$3:$E$1025,0))="","",INDEX(学年度总表!$B$3:$B$1025,MATCH($E14,学年度总表!$E$3:$E$1025,0))) -> 12 | C14: =IF(INDEX(学年度总表!$C$3:$C$1025,MATCH($E14,学年度总表!$E$3:$E$1025,0))="","",INDEX(学年度总表!$C$3:$C$1025,MATCH($E14,学年度总表!$E$3:$E$1025,0))) -> 计科 | D14: =IF(INDEX(学年度总表!$D$3:$D$1025,MATCH($E14,学年度总表!$E$3:$E$1025,0))="","",INDEX(学年度总表!$D$3:$D$1025,MATCH($E14,学年度总表!$E$3:$E$1025,0))) -> 计科三班 | E14: 250450322 | F14: =IF(INDEX(学年度总表!$F$3:$F$1025,MATCH($E14,学年度总表!$E$3:$E$1025,0))="","",INDEX(学年度总表!$F$3:$F$1025,MATCH($E14,学年度总表!$E$3:$E$1025,0))) -> 袁世博 | G14: =IF(INDEX(学年度总表!$G$3:$G$1025,MATCH($E14,学年度总表!$E$3:$E$1025,0))="","",INDEX(学年度总表!$G$3:$G$1025,MATCH($E14,学年度总表!$E$3:$E$1025,0))) -> 11.3 | H14: =IF(INDEX(学年度总表!$H$3:$H$1025,MATCH($E14,学年度总表!$E$3:$E$1025,0))="","",INDEX(学年度总表!$H$3:$H$1025,MATCH($E14,学年度总表!$E$3:$E$1025,0))) -> 68.1 | I14: =IF(INDEX(学年度总表!$I$3:$I$1025,MATCH($E14,学年度总表!$E$3:$E$1025,0))="","",INDEX(学年度总表!$I$3:$I$1025,MATCH($E14,学年度总表!$E$3:$E$1025,0))) -> 3.5 | J14: =IF(INDEX(学年度总表!$J$3:$J$1025,MATCH($E14,学年度总表!$E$3:$E$1025,0))="","",INDEX(学年度总表!$J$3:$J$1025,MATCH($E14,学年度总表!$E$3:$E$1025,0))) -> 82.9 | K14: =IF(INDEX(学年度总表!$K$3:$K$1025,MATCH($E14,学年度总表!$E$3:$E$1025,0))="","",INDEX(学年度总表!$K$3:$K$1025,MATCH($E14,学年度总表!$E$3:$E$1025,0))) -> 9 | L14: =IF(INDEX(学年度总表!$L$3:$L$1025,MATCH($E14,学年度总表!$E$3:$E$1025,0))="","",INDEX(学年度总表!$L$3:$L$1025,MATCH($E14,学年度总表!$E$3:$E$1025,0))) -> 66.51 | M14: =IF(INDEX(学年度总表!$M$3:$M$1025,MATCH($E14,学年度总表!$E$3:$E$1025,0))="","",INDEX(学年度总表!$M$3:$M$1025,MATCH($E14,学年度总表!$E$3:$E$1025,0))) -> 6.2 | N14: =IF(INDEX(学年度总表!$N$3:$N$1025,MATCH($E14,学年度总表!$E$3:$E$1025,0))="","",INDEX(学年度总表!$N$3:$N$1025,MATCH($E14,学年度总表!$E$3:$E$1025,0))) -> 81.71 | O14: =IF(INDEX(学年度总表!$O$3:$O$1025,MATCH($E14,学年度总表!$E$3:$E$1025,0))="","",INDEX(学年度总表!$O$3:$O$1025,MATCH($E14,学年度总表!$E$3:$E$1025,0))) -> 164.61 | P14: =IF(INDEX(学年度总表!$P$3:$P$1025,MATCH($E14,学年度总表!$E$3:$E$1025,0))="","",INDEX(学年度总表!$P$3:$P$1025,MATCH($E14,学年度总表!$E$3:$E$1025,0))) -> 校三等 | Q14: =IF(INDEX(学年度总表!$Q$3:$Q$1025,MATCH($E14,学年度总表!$E$3:$E$1025,0))="","",INDEX(学年度总表!$Q$3:$Q$1025,MATCH($E14,学年度总表!$E$3:$E$1025,0)))
... A142: =IF(INDEX(学年度总表!$A$3:$A$1025,MATCH($E142,学年度总表!$E$3:$E$1025,0))="","",INDEX(学年度总表!$A$3:$A$1025,MATCH($E142,学年度总表!$E$3:$E$1025,0))) -> 992 | B142: =IF(INDEX(学年度总表!$B$3:$B$1025,MATCH($E142,学年度总表!$E$3:$E$1025,0))="","",INDEX(学年度总表!$B$3:$B$1025,MATCH($E142,学年度总表!$E$3:$E$1025,0))) -> 140 | C142: =IF(INDEX(学年度总表!$C$3:$C$1025,MATCH($E142,学年度总表!$E$3:$E$1025,0))="","",INDEX(学年度总表!$C$3:$C$1025,MATCH($E142,学年度总表!$E$3:$E$1025,0))) -> 计科 | D142: =IF(INDEX(学年度总表!$D$3:$D$1025,MATCH($E142,学年度总表!$E$3:$E$1025,0))="","",INDEX(学年度总表!$D$3:$D$1025,MATCH($E142,学年度总表!$E$3:$E$1025,0))) -> 计科二班 | E142: 240450320 | F142: =IF(INDEX(学年度总表!$F$3:$F$1025,MATCH($E142,学年度总表!$E$3:$E$1025,0))="","",INDEX(学年度总表!$F$3:$F$1025,MATCH($E142,学年度总表!$E$3:$E$1025,0))) -> 代雨航 | G142: =IF(INDEX(学年度总表!$G$3:$G$1025,MATCH($E142,学年度总表!$E$3:$E$1025,0))="","",INDEX(学年度总表!$G$3:$G$1025,MATCH($E142,学年度总表!$E$3:$E$1025,0))) | H142: =IF(INDEX(学年度总表!$H$3:$H$1025,MATCH($E142,学年度总表!$E$3:$E$1025,0))="","",INDEX(学年度总表!$H$3:$H$1025,MATCH($E142,学年度总表!$E$3:$E$1025,0))) | I142: =IF(INDEX(学年度总表!$I$3:$I$1025,MATCH($E142,学年度总表!$E$3:$E$1025,0))="","",INDEX(学年度总表!$I$3:$I$1025,MATCH($E142,学年度总表!$E$3:$E$1025,0))) | J142: =IF(INDEX(学年度总表!$J$3:$J$1025,MATCH($E142,学年度总表!$E$3:$E$1025,0))="","",INDEX(学年度总表!$J$3:$J$1025,MATCH($E142,学年度总表!$E$3:$E$1025,0))) | K142: =IF(INDEX(学年度总表!$K$3:$K$1025,MATCH($E142,学年度总表!$E$3:$E$1025,0))="","",INDEX(学年度总表!$K$3:$K$1025,MATCH($E142,学年度总表!$E$3:$E$1025,0))) -> 9.8 | L142: =IF(INDEX(学年度总表!$L$3:$L$1025,MATCH($E142,学年度总表!$E$3:$E$1025,0))="","",INDEX(学年度总表!$L$3:$L$1025,MATCH($E142,学年度总表!$E$3:$E$1025,0))) -> 0 | M142: =IF(INDEX(学年度总表!$M$3:$M$1025,MATCH($E142,学年度总表!$E$3:$E$1025,0))="","",INDEX(学年度总表!$M$3:$M$1025,MATCH($E142,学年度总表!$E$3:$E$1025,0))) -> 3 | N142: =IF(INDEX(学年度总表!$N$3:$N$1025,MATCH($E142,学年度总表!$E$3:$E$1025,0))="","",INDEX(学年度总表!$N$3:$N$1025,MATCH($E142,学年度总表!$E$3:$E$1025,0))) -> 12.8 | O142: =IF(INDEX(学年度总表!$O$3:$O$1025,MATCH($E142,学年度总表!$E$3:$E$1025,0))="","",INDEX(学年度总表!$O$3:$O$1025,MATCH($E142,学年度总表!$E$3:$E$1025,0))) -> 12.8 | P142: =IF(INDEX(学年度总表!$P$3:$P$1025,MATCH($E142,学年度总表!$E$3:$E$1025,0))="","",INDEX(学年度总表!$P$3:$P$1025,MATCH($E142,学年度总表!$E$3:$E$1025,0))) | Q142: =IF(INDEX(学年度总表!$Q$3:$Q$1025,MATCH($E142,学年度总表!$E$3:$E$1025,0))="","",INDEX(学年度总表!$Q$3:$Q$1025,MATCH($E142,学年度总表!$E$3:$E$1025,0))) -> 无大一上综测成绩

Sheet 软工排名
A1: 年级排名 | B1: 专业排名 | C1: 专业 | D1: 班级 | E1: 学号 | F1: 姓名 | G1: 大一上 | K1: 大一下 | O1: 学年总分 | P1: 奖学金 | Q1: 备注
G2: 品德总分 | H2: 学业总分 | I2: 文体总分 | J2: 综测总分 | K2: 品德总分 | L2: 学业总分 | M2: 文体总分 | N2: 综测总分
A3: =IF(INDEX(学年度总表!$A$3:$A$1025,MATCH($E3,学年度总表!$E$3:$E$1025,0))="","",INDEX(学年度总表!$A$3:$A$1025,MATCH($E3,学年度总表!$E$3:$E$1025,0))) -> 2 | B3: =IF(INDEX(学年度总表!$B$3:$B$1025,MATCH($E3,学年度总表!$E$3:$E$1025,0))="","",INDEX(学年度总表!$B$3:$B$1025,MATCH($E3,学年度总表!$E$3:$E$1025,0))) -> 1 | C3: =IF(INDEX(学年度总表!$C$3:$C$1025,MATCH($E3,学年度总表!$E$3:$E$1025,0))="","",INDEX(学年度总表!$C$3:$C$1025,MATCH($E3,学年度总表!$E$3:$E$1025,0))) -> 软工 | D3: =IF(INDEX(学年度总表!$D$3:$D$1025,MATCH($E3,学年度总表!$E$3:$E$1025,0))="","",INDEX(学年度总表!$D$3:$D$1025,MATCH($E3,学年度总表!$E$3:$E$1025,0))) -> 软工14班 | E3: 250451433 | F3: =IF(INDEX(学年度总表!$F$3:$F$1025,MATCH($E3,学年度总表!$E$3:$E$1025,0))="","",INDEX(学年度总表!$F$3:$F$1025,MATCH($E3,学年度总表!$E$3:$E$1025,0))) -> 王奕茗 | G3: =IF(INDEX(学年度总表!$G$3:$G$1025,MATCH($E3,学年度总表!$E$3:$E$1025,0))="","",INDEX(学年度总表!$G$3:$G$1025,MATCH($E3,学年度总表!$E$3:$E$1025,0))) -> 9.8 | H3: =IF(INDEX(学年度总表!$H$3:$H$1025,MATCH($E3,学年度总表!$E$3:$E$1025,0))="","",INDEX(学年度总表!$H$3:$H$1025,MATCH($E3,学年度总表!$E$3:$E$1025,0))) -> 72.02 | I3: =IF(INDEX(学年度总表!$I$3:$I$1025,MATCH($E3,学年度总表!$E$3:$E$1025,0))="","",INDEX(学年度总表!$I$3:$I$1025,MATCH($E3,学年度总表!$E$3:$E$1025,0))) -> 5.1 | J3: =IF(INDEX(学年度总表!$J$3:$J$1025,MATCH($E3,学年度总表!$E$3:$E$1025,0))="","",INDEX(学年度总表!$J$3:$J$1025,MATCH($E3,学年度总表!$E$3:$E$1025,0))) -> 86.92 | K3: =IF(INDEX(学年度总表!$K$3:$K$1025,MATCH($E3,学年度总表!$E$3:$E$1025,0))="","",INDEX(学年度总表!$K$3:$K$1025,MATCH($E3,学年度总表!$E$3:$E$1025,0))) -> 11.3 | L3: =IF(INDEX(学年度总表!$L$3:$L$1025,MATCH($E3,学年度总表!$E$3:$E$1025,0))="","",INDEX(学年度总表!$L$3:$L$1025,MATCH($E3,学年度总表!$E$3:$E$1025,0))) -> 73.5 | M3: =IF(INDEX(学年度总表!$M$3:$M$1025,MATCH($E3,学年度总表!$E$3:$E$1025,0))="","",INDEX(学年度总表!$M$3:$M$1025,MATCH($E3,学年度总表!$E$3:$E$1025,0))) -> 8.05 | N3: =IF(INDEX(学年度总表!$N$3:$N$1025,MATCH($E3,学年度总表!$E$3:$E$1025,0))="","",INDEX(学年度总表!$N$3:$N$1025,MATCH($E3,学年度总表!$E$3:$E$1025,0))) -> 92.85 | O3: =IF(INDEX(学年度总表!$O$3:$O$1025,MATCH($E3,学年度总表!$E$3:$E$1025,0))="","",INDEX(学年度总表!$O$3:$O$1025,MATCH($E3,学年度总表!$E$3:$E$1025,0))) -> 179.77 | P3: =IF(INDEX(学年度总表!$P$3:$P$1025,MATCH($E3,学年度总表!$E$3:$E$1025,0))="","",INDEX(学年度总表!$P$3:$P$1025,MATCH($E3,学年度总表!$E$3:$E$1025,0))) -> 国奖 | Q3: =IF(INDEX(学年度总表!$Q$3:$Q$1025,MATCH($E3,学年度总表!$E$3:$E$1025,0))="","",INDEX(学年度总表!$Q$3:$Q$1025,MATCH($E3,学年度总表!$E$3:$E$1025,0)))
A4: =IF(INDEX(学年度总表!$A$3:$A$1025,MATCH($E4,学年度总表!$E$3:$E$1025,0))="","",INDEX(学年度总表!$A$3:$A$1025,MATCH($E4,学年度总表!$E$3:$E$1025,0))) -> 4 | B4: =IF(INDEX(学年度总表!$B$3:$B$1025,MATCH($E4,学年度总表!$E$3:$E$1025,0))="","",INDEX(学年度总表!$B$3:$B$1025,MATCH($E4,学年度总表!$E$3:$E$1025,0))) -> 2 | C4: =IF(INDEX(学年度总表!$C$3:$C$1025,MATCH($E4,学年度总表!$E$3:$E$1025,0))="","",INDEX(学年度总表!$C$3:$C$1025,MATCH($E4,学年度总表!$E$3:$E$1025,0))) -> 软工 | D4: =IF(INDEX(学年度总表!$D$3:$D$1025,MATCH($E4,学年度总表!$E$3:$E$1025,0))="","",INDEX(学年度总表!$D$3:$D$1025,MATCH($E4,学年度总表!$E$3:$E$1025,0))) -> 软工12班 | E4: 250451226 | F4: =IF(INDEX(学年度总表!$F$3:$F$1025,MATCH($E4,学年度总表!$E$3:$E$1025,0))="","",INDEX(学年度总表!$F$3:$F$1025,MATCH($E4,学年度总表!$E$3:$E$1025,0))) -> 刘航绮 | G4: =IF(INDEX(学年度总表!$G$3:$G$1025,MATCH($E4,学年度总表!$E$3:$E$1025,0))="","",INDEX(学年度总表!$G$3:$G$1025,MATCH($E4,学年度总表!$E$3:$E$1025,0))) -> 12.5 | H4: =IF(INDEX(学年度总表!$H$3:$H$1025,MATCH($E4,学年度总表!$E$3:$E$1025,0))="","",INDEX(学年度总表!$H$3:$H$1025,MATCH($E4,学年度总表!$E$3:$E$1025,0))) -> 69.19 | I4: =IF(INDEX(学年度总表!$I$3:$I$1025,MATCH($E4,学年度总表!$E$3:$E$1025,0))="","",INDEX(学年度总表!$I$3:$I$1025,MATCH($E4,学年度总表!$E$3:$E$1025,0))) -> 6.9 | J4: =IF(INDEX(学年度总表!$J$3:$J$1025,MATCH($E4,学年度总表!$E$3:$E$1025,0))="","",INDEX(学年度总表!$J$3:$J$1025,MATCH($E4,学年度总表!$E$3:$E$1025,0))) -> 88.59 | K4: =IF(INDEX(学年度总表!$K$3:$K$1025,MATCH($E4,学年度总表!$E$3:$E$1025,0))="","",INDEX(学年度总表!$K$3:$K$1025,MATCH($E4,学年度总表!$E$3:$E$1025,0))) -> 11 | L4: =IF(INDEX(学年度总表!$L$3:$L$1025,MATCH($E4,学年度总表!$E$3:$E$1025,0))="","",INDEX(学年度总表!$L$3:$L$1025,MATCH($E4,学年度总表!$E$3:$E$1025,0))) -> 70.12 | M4: =IF(INDEX(学年度总表!$M$3:$M$1025,MATCH($E4,学年度总表!$E$3:$E$1025,0))="","",INDEX(学年度总表!$M$3:$M$1025,MATCH($E4,学年度总表!$E$3:$E$1025,0))) -> 8.5 | N4: =IF(INDEX(学年度总表!$N$3:$N$1025,MATCH($E4,学年度总表!$E$3:$E$1025,0))="","",INDEX(学年度总表!$N$3:$N$1025,MATCH($E4,学年度总表!$E$3:$E$1025,0))) -> 89.62 | O4: =IF(INDEX(学年度总表!$O$3:$O$1025,MATCH($E4,学年度总表!$E$3:$E$1025,0))="","",INDEX(学年度总表!$O$3:$O$1025,MATCH($E4,学年度总表!$E$3:$E$1025,0))) -> 178.21 | P4: =IF(INDEX(学年度总表!$P$3:$P$1025,MATCH($E4,学年度总表!$E$3:$E$1025,0))="","",INDEX(学年度总表!$P$3:$P$1025,MATCH($E4,学年度总表!$E$3:$E$1025,0))) -> 省奖 | Q4: =IF(INDEX(学年度总表!$Q$3:$Q$1025,MATCH($E4,学年度总表!$E$3:$E$1025,0))="","",INDEX(学年度总表!$Q$3:$Q$1025,MATCH($E4,学年度总表!$E$3:$E$1025,0)))
A5: =IF(INDEX(学年度总表!$A$3:$A$1025,MATCH($E5,学年度总表!$E$3:$E$1025,0))="","",INDEX(学年度总表!$A$3:$A$1025,MATCH($E5,学年度总表!$E$3:$E$1025,0))) -> 5 | B5: =IF(INDEX(学年度总表!$B$3:$B$1025,MATCH($E5,学年度总表!$E$3:$E$1025,0))="","",INDEX(学年度总表!$B$3:$B$1025,MATCH($E5,学年度总表!$E$3:$E$1025,0))) -> 3 | C5: =IF(INDEX(学年度总表!$C$3:$C$1025,MATCH($E5,学年度总表!$E$3:$E$1025,0))="","",INDEX(学年度总表!$C$3:$C$1025,MATCH($E5,学年度总表!$E$3:$E$1025,0))) -> 软工 | D5: =IF(INDEX(学年度总表!$D$3:$D$1025,MATCH($E5,学年度总表!$E$3:$E$1025,0))="","",INDEX(学年度总表!$D$3:$D$1025,MATCH($E5,学年度总表!$E$3:$E$1025,0))) -> 软工9班 | E5: 250450916 | F5: =IF(INDEX(学年度总表!$F$3:$F$1025,MATCH($E5,学年度总表!$E$3:$E$1025,0))="","",INDEX(学年度总表!$F$3:$F$1025,MATCH($E5,学年度总表!$E$3:$E$1025,0))) -> 夏艺洋 | G5: =IF(INDEX(学年度总表!$G$3:$G$1025,MATCH($E5,学年度总表!$E$3:$E$1025,0))="","",INDEX(学年度总表!$G$3:$G$1025,MATCH($E5,学年度总表!$E$3:$E$1025,0))) -> 10.3 | H5: =IF(INDEX(学年度总表!$H$3:$H$1025,MATCH($E5,学年度总表!$E$3:$E$1025,0))="","",INDEX(学年度总表!$H$3:$H$1025,MATCH($E5,学年度总表!$E$3:$E$1025,0))) -> 75 | I5: =IF(INDEX(学年度总表!$I$3:$I$1025,MATCH($E5,学年度总表!$E$3:$E$1025,0))="","",INDEX(学年度总表!$I$3:$I$1025,MATCH($E5,学年度总表!$E$3:$E$1025,0))) -> 5.1 | J5: =IF(INDEX(学年度总表!$J$3:$J$1025,MATCH($E5,学年度总表!$E$3:$E$1025,0))="","",INDEX(学年度总表!$J$3:$J$1025,MATCH($E5,学年度总表!$E$3:$E$1025,0))) -> 90.4 | K5: =IF(INDEX(学年度总表!$K$3:$K$1025,MATCH($E5,学年度总表!$E$3:$E$1025,0))="","",INDEX(学年度总表!$K$3:$K$1025,MATCH($E5,学年度总表!$E$3:$E$1025,0))) -> 10.8 | L5: =IF(INDEX(学年度总表!$L$3:$L$1025,MATCH($E5,学年度总表!$E$3:$E$1025,0))="","",INDEX(学年度总表!$L$3:$L$1025,MATCH($E5,学年度总表!$E$3:$E$1025,0))) -> 70.45 | M5: =IF(INDEX(学年度总表!$M$3:$M$1025,MATCH($E5,学年度总表!$E$3:$E$1025,0))="","",INDEX(学年度总表!$M$3:$M$1025,MATCH($E5,学年度总表!$E$3:$E$1025,0))) -> 6.5 | N5: =IF(INDEX(学年度总表!$N$3:$N$1025,MATCH($E5,学年度总表!$E$3:$E$1025,0))="","",INDEX(学年度总表!$N$3:$N$1025,MATCH($E5,学年度总表!$E$3:$E$1025,0))) -> 87.75 | O5: =IF(INDEX(学年度总表!$O$3:$O$1025,MATCH($E5,学年度总表!$E$3:$E$1025,0))="","",INDEX(学年度总表!$O$3:$O$1025,MATCH($E5,学年度总表!$E$3:$E$1025,0))) -> 178.15 | P5: =IF(INDEX(学年度总表!$P$3:$P$1025,MATCH($E5,学年度总表!$E$3:$E$1025,0))="","",INDEX(学年度总表!$P$3:$P$1025,MATCH($E5,学年度总表!$E$3:$E$1025,0))) -> 校一等 | Q5: =IF(INDEX(学年度总表!$Q$3:$Q$1025,MATCH($E5,学年度总表!$E$3:$E$1025,0))="","",INDEX(学年度总表!$Q$3:$Q$1025,MATCH($E5,学年度总表!$E$3:$E$1025,0)))
A6: =IF(INDEX(学年度总表!$A$3:$A$1025,MATCH($E6,学年度总表!$E$3:$E$1025,0))="","",INDEX(学年度总表!$A$3:$A$1025,MATCH($E6,学年度总表!$E$3:$E$1025,0))) -> 6 | B6: =IF(INDEX(学年度总表!$B$3:$B$1025,MATCH($E6,学年度总表!$E$3:$E$1025,0))="","",INDEX(学年度总表!$B$3:$B$1025,MATCH($E6,学年度总表!$E$3:$E$1025,0))) -> 4 | C6: =IF(INDEX(学年度总表!$C$3:$C$1025,MATCH($E6,学年度总表!$E$3:$E$1025,0))="","",INDEX(学年度总表!$C$3:$C$1025,MATCH($E6,学年度总表!$E$3:$E$1025,0))) -> 软工 | D6: =IF(INDEX(学年度总表!$D$3:$D$1025,MATCH($E6,学年度总表!$E$3:$E$1025,0))="","",INDEX(学年度总表!$D$3:$D$1025,MATCH($E6,学年度总表!$E$3:$E$1025,0))) -> 软工13班 | E6: 250451316 | F6: =IF(INDEX(学年度总表!$F$3:$F$1025,MATCH($E6,学年度总表!$E$3:$E$1025,0))="","",INDEX(学年度总表!$F$3:$F$1025,MATCH($E6,学年度总表!$E$3:$E$1025,0))) -> 孙远骐 | G6: =IF(INDEX(学年度总表!$G$3:$G$1025,MATCH($E6,学年度总表!$E$3:$E$1025,0))="","",INDEX(学年度总表!$G$3:$G$1025,MATCH($E6,学年度总表!$E$3:$E$1025,0))) -> 10.6 | H6: =IF(INDEX(学年度总表!$H$3:$H$1025,MATCH($E6,学年度总表!$E$3:$E$1025,0))="","",INDEX(学年度总表!$H$3:$H$1025,MATCH($E6,学年度总表!$E$3:$E$1025,0))) -> 72.84 | I6: =IF(INDEX(学年度总表!$I$3:$I$1025,MATCH($E6,学年度总表!$E$3:$E$1025,0))="","",INDEX(学年度总表!$I$3:$I$1025,MATCH($E6,学年度总表!$E$3:$E$1025,0))) -> 5.2 | J6: =IF(INDEX(学年度总表!$J$3:$J$1025,MATCH($E6,学年度总表!$E$3:$E$1025,0))="","",INDEX(学年度总表!$J$3:$J$1025,MATCH($E6,学年度总表!$E$3:$E$1025,0))) -> 88.64 | K6: =IF(INDEX(学年度总表!$K$3:$K$1025,MATCH($E6,学年度总表!$E$3:$E$1025,0))="","",INDEX(学年度总表!$K$3:$K$1025,MATCH($E6,学年度总表!$E$3:$E$1025,0))) -> 10.8 | L6: =IF(INDEX(学年度总表!$L$3:$L$1025,MATCH($E6,学年度总表!$E$3:$E$1025,0))="","",INDEX(学年度总表!$L$3:$L$1025,MATCH($E6,学年度总表!$E$3:$E$1025,0))) -> 67.92 | M6: =IF(INDEX(学年度总表!$M$3:$M$1025,MATCH($E6,学年度总表!$E$3:$E$1025,0))="","",INDEX(学年度总表!$M$3:$M$1025,MATCH($E6,学年度总表!$E$3:$E$1025,0))) -> 6.85 | N6: =IF(INDEX(学年度总表!$N$3:$N$1025,MATCH($E6,学年度总表!$E$3:$E$1025,0))="","",INDEX(学年度总表!$N$3:$N$1025,MATCH($E6,学年度总表!$E$3:$E$1025,0))) -> 85.57 | O6: =IF(INDEX(学年度总表!$O$3:$O$1025,MATCH($E6,学年度总表!$E$3:$E$1025,0))="","",INDEX(学年度总表!$O$3:$O$1025,MATCH($E6,学年度总表!$E$3:$E$1025,0))) -> 174.21 | P6: =IF(INDEX(学年度总表!$P$3:$P$1025,MATCH($E6,学年度总表!$E$3:$E$1025,0))="","",INDEX(学年度总表!$P$3:$P$1025,MATCH($E6,学年度总表!$E$3:$E$1025,0))) -> 校一等 | Q6: =IF(INDEX(学年度总表!$Q$3:$Q$1025,MATCH($E6,学年度总表!$E$3:$E$1025,0))="","",INDEX(学年度总表!$Q$3:$Q$1025,MATCH($E6,学年度总表!$E$3:$E$1025,0)))
A7: =IF(INDEX(学年度总表!$A$3:$A$1025,MATCH($E7,学年度总表!$E$3:$E$1025,0))="","",INDEX(学年度总表!$A$3:$A$1025,MATCH($E7,学年度总表!$E$3:$E$1025,0))) -> 8 | B7: =IF(INDEX(学年度总表!$B$3:$B$1025,MATCH($E7,学年度总表!$E$3:$E$1025,0))="","",INDEX(学年度总表!$B$3:$B$1025,MATCH($E7,学年度总表!$E$3:$E$1025,0))) -> 5 | C7: =IF(INDEX(学年度总表!$C$3:$C$1025,MATCH($E7,学年度总表!$E$3:$E$1025,0))="","",INDEX(学年度总表!$C$3:$C$1025,MATCH($E7,学年度总表!$E$3:$E$1025,0))) -> 软工 | D7: =IF(INDEX(学年度总表!$D$3:$D$1025,MATCH($E7,学年度总表!$E$3:$E$1025,0))="","",INDEX(学年度总表!$D$3:$D$1025,MATCH($E7,学年度总表!$E$3:$E$1025,0))) -> 软工6班 | E7: 250450614 | F7: =IF(INDEX(学年度总表!$F$3:$F$1025,MATCH($E7,学年度总表!$E$3:$E$1025,0))="","",INDEX(学年度总表!$F$3:$F$1025,MATCH($E7,学年度总表!$E$3:$E$1025,0))) -> 陈韵竹 | G7: =IF(INDEX(学年度总表!$G$3:$G$1025,MATCH($E7,学年度总表!$E$3:$E$1025,0))="","",INDEX(学年度总表!$G$3:$G$1025,MATCH($E7,学年度总表!$E$3:$E$1025,0))) -> 11.6 | H7: =IF(INDEX(学年度总表!$H$3:$H$1025,MATCH($E7,学年度总表!$E$3:$E$1025,0))="","",INDEX(学年度总表!$H$3:$H$1025,MATCH($E7,学年度总表!$E$3:$E$1025,0))) -> 73.690909 | I7: =IF(INDEX(学年度总表!$I$3:$I$1025,MATCH($E7,学年度总表!$E$3:$E$1025,0))="","",INDEX(学年度总表!$I$3:$I$1025,MATCH($E7,学年度总表!$E$3:$E$1025,0))) -> 3.5 | J7: =IF(INDEX(学年度总表!$J$3:$J$1025,MATCH($E7,学年度总表!$E$3:$E$1025,0))="","",INDEX(学年度总表!$J$3:$J$1025,MATCH($E7,学年度总表!$E$3:$E$1025,0))) -> 88.79 | K7: =IF(INDEX(学年度总表!$K$3:$K$1025,MATCH($E7,学年度总表!$E$3:$E$1025,0))="","",INDEX(学年度总表!$K$3:$K$1025,MATCH($E7,学年度总表!$E$3:$E$1025,0))) -> 9.8 | L7: =IF(INDEX(学年度总表!$L$3:$L$1025,MATCH($E7,学年度总表!$E$3:$E$1025,0))="","",INDEX(学年度总表!$L$3:$L$1025,MATCH($E7,学年度总表!$E$3:$E$1025,0))) -> 70.43 | M7: =IF(INDEX(学年度总表!$M$3:$M$1025,MATCH($E7,学年度总表!$E$3:$E$1025,0))="","",INDEX(学年度总表!$M$3:$M$1025,MATCH($E7,学年度总表!$E$3:$E$1025,0))) -> 4.9 | N7: =IF(INDEX(学年度总表!$N$3:$N$1025,MATCH($E7,学年度总表!$E$3:$E$1025,0))="","",INDEX(学年度总表!$N$3:$N$1025,MATCH($E7,学年度总表!$E$3:$E$1025,0))) -> 85.13 | O7: =IF(INDEX(学年度总表!$O$3:$O$1025,MATCH($E7,学年度总表!$E$3:$E$1025,0))="","",INDEX(学年度总表!$O$3:$O$1025,MATCH($E7,学年度总表!$E$3:$E$1025,0))) -> 173.92 | P7: =IF(INDEX(学年度总表!$P$3:$P$1025,MATCH($E7,学年度总表!$E$3:$E$1025,0))="","",INDEX(学年度总表!$P$3:$P$1025,MATCH($E7,学年度总表!$E$3:$E$1025,0))) -> 校一等 | Q7: =IF(INDEX(学年度总表!$Q$3:$Q$1025,MATCH($E7,学年度总表!$E$3:$E$1025,0))="","",INDEX(学年度总表!$Q$3:$Q$1025,MATCH($E7,学年度总表!$E$3:$E$1025,0)))
A8: =IF(INDEX(学年度总表!$A$3:$A$1025,MATCH($E8,学年度总表!$E$3:$E$1025,0))="","",INDEX(学年度总表!$A$3:$A$1025,MATCH($E8,学年度总表!$E$3:$E$1025,0))) -> 15 | B8: =IF(INDEX(学年度总表!$B$3:$B$1025,MATCH($E8,学年度总表!$E$3:$E$1025,0))="","",INDEX(学年度总表!$B$3:$B$1025,MATCH($E8,学年度总表!$E$3:$E$1025,0))) -> 6 | C8: =IF(INDEX(学年度总表!$C$3:$C$1025,MATCH($E8,学年度总表!$E$3:$E$1025,0))="","",INDEX(学年度总表!$C$3:$C$1025,MATCH($E8,学年度总表!$E$3:$E$1025,0))) -> 软工 | D8: =IF(INDEX(学年度总表!$D$3:$D$1025,MATCH($E8,学年度总表!$E$3:$E$1025,0))="","",INDEX(学年度总表!$D$3:$D$1025,MATCH($E8,学年度总表!$E$3:$E$1025,0))) -> 软工14班 | E8: 250451405 | F8: =IF(INDEX(学年度总表!$F$3:$F$1025,MATCH($E8,学年度总表!$E$3:$E$1025,0))="","",INDEX(学年度总表!$F$3:$F$1025,MATCH($E8,学年度总表!$E$3:$E$1025,0))) -> 周梓锐 | G8: =IF(INDEX(学年度总表!$G$3:$G$1025,MATCH($E8,学年度总表!$E$3:$E$1025,0))="","",INDEX(学年度总表!$G$3:$G$1025,MATCH($E8,学年度总表!$E$3:$E$1025,0))) -> 11 | H8: =IF(INDEX(学年度总表!$H$3:$H$1025,MATCH($E8,学年度总表!$E$3:$E$1025,0))="","",INDEX(学年度总表!$H$3:$H$1025,MATCH($E8,学年度总表!$E$3:$E$1025,0))) -> 73.14 | I8: =IF(INDEX(学年度总表!$I$3:$I$1025,MATCH($E8,学年度总表!$E$3:$E$1025,0))="","",INDEX(学年度总表!$I$3:$I$1025,MATCH($E8,学年度总表!$E$3:$E$1025,0))) -> 3.8 | J8: =IF(INDEX(学年度总表!$J$3:$J$1025,MATCH($E8,学年度总表!$E$3:$E$1025,0))="","",INDEX(学年度总表!$J$3:$J$1025,MATCH($E8,学年度总表!$E$3:$E$1025,0))) -> 87.94 | K8: =IF(INDEX(学年度总表!$K$3:$K$1025,MATCH($E8,学年度总表!$E$3:$E$1025,0))="","",INDEX(学年度总表!$K$3:$K$1025,MATCH($E8,学年度总表!$E$3:$E$1025,0))) -> 10 | L8: =IF(INDEX(学年度总表!$L$3:$L$1025,MATCH($E8,学年度总表!$E$3:$E$1025,0))="","",INDEX(学年度总表!$L$3:$L$1025,MATCH($E8,学年度总表!$E$3:$E$1025,0))) -> 68.5 | M8: =IF(INDEX(学年度总表!$M$3:$M$1025,MATCH($E8,学年度总表!$E$3:$E$1025,0))="","",INDEX(学年度总表!$M$3:$M$1025,MATCH($E8,学年度总表!$E$3:$E$1025,0))) -> 4 | N8: =IF(INDEX(学年度总表!$N$3:$N$1025,MATCH($E8,学年度总表!$E$3:$E$1025,0))="","",INDEX(学年度总表!$N$3:$N$1025,MATCH($E8,学年度总表!$E$3:$E$1025,0))) -> 82.5 | O8: =IF(INDEX(学年度总表!$O$3:$O$1025,MATCH($E8,学年度总表!$E$3:$E$1025,0))="","",INDEX(学年度总表!$O$3:$O$1025,MATCH($E8,学年度总表!$E$3:$E$1025,0))) -> 170.44 | P8: =IF(INDEX(学年度总表!$P$3:$P$1025,MATCH($E8,学年度总表!$E$3:$E$1025,0))="","",INDEX(学年度总表!$P$3:$P$1025,MATCH($E8,学年度总表!$E$3:$E$1025,0))) -> 校一等 | Q8: =IF(INDEX(学年度总表!$Q$3:$Q$1025,MATCH($E8,学年度总表!$E$3:$E$1025,0))="","",INDEX(学年度总表!$Q$3:$Q$1025,MATCH($E8,学年度总表!$E$3:$E$1025,0)))
A9: =IF(INDEX(学年度总表!$A$3:$A$1025,MATCH($E9,学年度总表!$E$3:$E$1025,0))="","",INDEX(学年度总表!$A$3:$A$1025,MATCH($E9,学年度总表!$E$3:$E$1025,0))) -> 16 | B9: =IF(INDEX(学年度总表!$B$3:$B$1025,MATCH($E9,学年度总表!$E$3:$E$1025,0))="","",INDEX(学年度总表!$B$3:$B$1025,MATCH($E9,学年度总表!$E$3:$E$1025,0))) -> 7 | C9: =IF(INDEX(学年度总表!$C$3:$C$1025,MATCH($E9,学年度总表!$E$3:$E$1025,0))="","",INDEX(学年度总表!$C$3:$C$1025,MATCH($E9,学年度总表!$E$3:$E$1025,0))) -> 软工 | D9: =IF(INDEX(学年度总表!$D$3:$D$1025,MATCH($E9,学年度总表!$E$3:$E$1025,0))="","",INDEX(学年度总表!$D$3:$D$1025,MATCH($E9,学年度总表!$E$3:$E$1025,0))) -> 软工7班 | E9: 250450721 | F9: =IF(INDEX(学年度总表!$F$3:$F$1025,MATCH($E9,学年度总表!$E$3:$E$1025,0))="","",INDEX(学年度总表!$F$3:$F$1025,MATCH($E9,学年度总表!$E$3:$E$1025,0))) -> 吴悠 | G9: =IF(INDEX(学年度总表!$G$3:$G$1025,MATCH($E9,学年度总表!$E$3:$E$1025,0))="","",INDEX(学年度总表!$G$3:$G$1025,MATCH($E9,学年度总表!$E$3:$E$1025,0))) -> 11.1 | H9: =IF(INDEX(学年度总表!$H$3:$H$1025,MATCH($E9,学年度总表!$E$3:$E$1025,0))="","",INDEX(学年度总表!$H$3:$H$1025,MATCH($E9,学年度总表!$E$3:$E$1025,0))) -> 69.24 | I9: =IF(INDEX(学年度总表!$I$3:$I$1025,MATCH($E9,学年度总表!$E$3:$E$1025,0))="","",INDEX(学年度总表!$I$3:$I$1025,MATCH($E9,学年度总表!$E$3:$E$1025,0))) -> 4.9 | J9: =IF(INDEX(学年度总表!$J$3:$J$1025,MATCH($E9,学年度总表!$E$3:$E$1025,0))="","",INDEX(学年度总表!$J$3:$J$1025,MATCH($E9,学年度总表!$E$3:$E$1025,0))) -> 85.24 | K9: =IF(INDEX(学年度总表!$K$3:$K$1025,MATCH($E9,学年度总表!$E$3:$E$1025,0))="","",INDEX(学年度总表!$K$3:$K$1025,MATCH($E9,学年度总表!$E$3:$E$1025,0))) -> 9.8 | L9: =IF(INDEX(学年度总表!$L$3:$L$1025,MATCH($E9,学年度总表!$E$3:$E$1025,0))="","",INDEX(学年度总表!$L$3:$L$1025,MATCH($E9,学年度总表!$E$3:$E$1025,0))) -> 68.08 | M9: =IF(INDEX(学年度总表!$M$3:$M$1025,MATCH($E9,学年度总表!$E$3:$E$1025,0))="","",INDEX(学年度总表!$M$3:$M$1025,MATCH($E9,学年度总表!$E$3:$E$1025,0))) -> 7.2 | N9: =IF(INDEX(学年度总表!$N$3:$N$1025,MATCH($E9,学年度总表!$E$3:$E$1025,0))="","",INDEX(学年度总表!$N$3:$N$1025,MATCH($E9,学年度总表!$E$3:$E$1025,0))) -> 85.08 | O9: =IF(INDEX(学年度总表!$O$3:$O$1025,MATCH($E9,学年度总表!$E$3:$E$1025,0))="","",INDEX(学年度总表!$O$3:$O$1025,MATCH($E9,学年度总表!$E$3:$E$1025,0))) -> 170.32 | P9: =IF(INDEX(学年度总表!$P$3:$P$1025,MATCH($E9,学年度总表!$E$3:$E$1025,0))="","",INDEX(学年度总表!$P$3:$P$1025,MATCH($E9,学年度总表!$E$3:$E$1025,0))) -> 校一等 | Q9: =IF(INDEX(学年度总表!$Q$3:$Q$1025,MATCH($E9,学年度总表!$E$3:$E$1025,0))="","",INDEX(学年度总表!$Q$3:$Q$1025,MATCH($E9,学年度总表!$E$3:$E$1025,0)))
A10: =IF(INDEX(学年度总表!$A$3:$A$1025,MATCH($E10,学年度总表!$E$3:$E$1025,0))="","",INDEX(学年度总表!$A$3:$A$1025,MATCH($E10,学年度总表!$E$3:$E$1025,0))) -> 17 | B10: =IF(INDEX(学年度总表!$B$3:$B$1025,MATCH($E10,学年度总表!$E$3:$E$1025,0))="","",INDEX(学年度总表!$B$3:$B$1025,MATCH($E10,学年度总表!$E$3:$E$1025,0))) -> 8 | C10: =IF(INDEX(学年度总表!$C$3:$C$1025,MATCH($E10,学年度总表!$E$3:$E$1025,0))="","",INDEX(学年度总表!$C$3:$C$1025,MATCH($E10,学年度总表!$E$3:$E$1025,0))) -> 软工 | D10: =IF(INDEX(学年度总表!$D$3:$D$1025,MATCH($E10,学年度总表!$E$3:$E$1025,0))="","",INDEX(学年度总表!$D$3:$D$1025,MATCH($E10,学年度总表!$E$3:$E$1025,0))) -> 软工7班 | E10: 250450708 | F10: =IF(INDEX(学年度总表!$F$3:$F$1025,MATCH($E10,学年度总表!$E$3:$E$1025,0))="","",INDEX(学年度总表!$F$3:$F$1025,MATCH($E10,学年度总表!$E$3:$E$1025,0))) -> 尹彦茜 | G10: =IF(INDEX(学年度总表!$G$3:$G$1025,MATCH($E10,学年度总表!$E$3:$E$1025,0))="","",INDEX(学年度总表!$G$3:$G$1025,MATCH($E10,学年度总表!$E$3:$E$1025,0))) -> 10.8 | H10: =IF(INDEX(学年度总表!$H$3:$H$1025,MATCH($E10,学年度总表!$E$3:$E$1025,0))="","",INDEX(学年度总表!$H$3:$H$1025,MATCH($E10,学年度总表!$E$3:$E$1025,0))) -> 73.7 | I10: =IF(INDEX(学年度总表!$I$3:$I$1025,MATCH($E10,学年度总表!$E$3:$E$1025,0))="","",INDEX(学年度总表!$I$3:$I$1025,MATCH($E10,学年度总表!$E$3:$E$1025,0))) -> 4 | J10: =IF(INDEX(学年度总表!$J$3:$J$1025,MATCH($E10,学年度总表!$E$3:$E$1025,0))="","",INDEX(学年度总表!$J$3:$J$1025,MATCH($E10,学年度总表!$E$3:$E$1025,0))) -> 88.5 | K10: =IF(INDEX(学年度总表!$K$3:$K$1025,MATCH($E10,学年度总表!$E$3:$E$1025,0))="","",INDEX(学年度总表!$K$3:$K$1025,MATCH($E10,学年度总表!$E$3:$E$1025,0))) -> 7.3 | L10: =IF(INDEX(学年度总表!$L$3:$L$1025,MATCH($E10,学年度总表!$E$3:$E$1025,0))="","",INDEX(学年度总表!$L$3:$L$1025,MATCH($E10,学年度总表!$E$3:$E$1025,0))) -> 70.23 | M10: =IF(INDEX(学年度总表!$M$3:$M$1025,MATCH($E10,学年度总表!$E$3:$E$1025,0))="","",INDEX(学年度总表!$M$3:$M$1025,MATCH($E10,学年度总表!$E$3:$E$1025,0))) -> 4 | N10: =IF(INDEX(学年度总表!$N$3:$N$1025,MATCH($E10,学年度总表!$E$3:$E$1025,0))="","",INDEX(学年度总表!$N$3:$N$1025,MATCH($E10,学年度总表!$E$3:$E$1025,0))) -> 81.53 | O10: =IF(INDEX(学年度总表!$O$3:$O$1025,MATCH($E10,学年度总表!$E$3:$E$1025,0))="","",INDEX(学年度总表!$O$3:$O$1025,MATCH($E10,学年度总表!$E$3:$E$1025,0))) -> 170.03 | P10: =IF(INDEX(学年度总表!$P$3:$P$1025,MATCH($E10,学年度总表!$E$3:$E$1025,0))="","",INDEX(学年度总表!$P$3:$P$1025,MATCH($E10,学年度总表!$E$3:$E$1025,0))) -> 校一等 | Q10: =IF(INDEX(学年度总表!$Q$3:$Q$1025,MATCH($E10,学年度总表!$E$3:$E$1025,0))="","",INDEX(学年度总表!$Q$3:$Q$1025,MATCH($E10,学年度总表!$E$3:$E$1025,0)))
A11: =IF(INDEX(学年度总表!$A$3:$A$1025,MATCH($E11,学年度总表!$E$3:$E$1025,0))="","",INDEX(学年度总表!$A$3:$A$1025,MATCH($E11,学年度总表!$E$3:$E$1025,0))) -> 22 | B11: =IF(INDEX(学年度总表!$B$3:$B$1025,MATCH($E11,学年度总表!$E$3:$E$1025,0))="","",INDEX(学年度总表!$B$3:$B$1025,MATCH($E11,学年度总表!$E$3:$E$1025,0))) -> 9 | C11: =IF(INDEX(学年度总表!$C$3:$C$1025,MATCH($E11,学年度总表!$E$3:$E$1025,0))="","",INDEX(学年度总表!$C$3:$C$1025,MATCH($E11,学年度总表!$E$3:$E$1025,0))) -> 软工 | D11: =IF(INDEX(学年度总表!$D$3:$D$1025,MATCH($E11,学年度总表!$E$3:$E$1025,0))="","",INDEX(学年度总表!$D$3:$D$1025,MATCH($E11,学年度总表!$E$3:$E$1025,0))) -> 软工8班 | E11: 250450825 | F11: =IF(INDEX(学年度总表!$F$3:$F$1025,MATCH($E11,学年度总表!$E$3:$E$1025,0))="","",INDEX(学年度总表!$F$3:$F$1025,MATCH($E11,学年度总表!$E$3:$E$1025,0))) -> 万雨 | G11: =IF(INDEX(学年度总表!$G$3:$G$1025,MATCH($E11,学年度总表!$E$3:$E$1025,0))="","",INDEX(学年度总表!$G$3:$G$1025,MATCH($E11,学年度总表!$E$3:$E$1025,0))) -> 11.3 | H11: =IF(INDEX(学年度总表!$H$3:$H$1025,MATCH($E11,学年度总表!$E$3:$E$1025,0))="","",INDEX(学年度总表!$H$3:$H$1025,MATCH($E11,学年度总表!$E$3:$E$1025,0))) -> 68.323529 | I11: =IF(INDEX(学年度总表!$I$3:$I$1025,MATCH($E11,学年度总表!$E$3:$E$1025,0))="","",INDEX(学年度总表!$I$3:$I$1025,MATCH($E11,学年度总表!$E$3:$E$1025,0))) -> 5.5 | J11: =IF(INDEX(学年度总表!$J$3:$J$1025,MATCH($E11,学年度总表!$E$3:$E$1025,0))="","",INDEX(学年度总表!$J$3:$J$1025,MATCH($E11,学年度总表!$E$3:$E$1025,0))) -> 85.12 | K11: =IF(INDEX(学年度总表!$K$3:$K$1025,MATCH($E11,学年度总表!$E$3:$E$1025,0))="","",INDEX(学年度总表!$K$3:$K$1025,MATCH($E11,学年度总表!$E$3:$E$1025,0))) -> 11 | L11: =IF(INDEX(学年度总表!$L$3:$L$1025,MATCH($E11,学年度总表!$E$3:$E$1025,0))="","",INDEX(学年度总表!$L$3:$L$1025,MATCH($E11,学年度总表!$E$3:$E$1025,0))) -> 67.22 | M11: =IF(INDEX(学年度总表!$M$3:$M$1025,MATCH($E11,学年度总表!$E$3:$E$1025,0))="","",INDEX(学年度总表!$M$3:$M$1025,MATCH($E11,学年度总表!$E$3:$E$1025,0))) -> 5.1 | N11: =IF(INDEX(学年度总表!$N$3:$N$1025,MATCH($E11,学年度总表!$E$3:$E$1025,0))="","",INDEX(学年度总表!$N$3:$N$1025,MATCH($E11,学年度总表!$E$3:$E$1025,0))) -> 83.32 | O11: =IF(INDEX(学年度总表!$O$3:$O$1025,MATCH($E11,学年度总表!$E$3:$E$1025,0))="","",INDEX(学年度总表!$O$3:$O$1025,MATCH($E11,学年度总表!$E$3:$E$1025,0))) -> 168.44 | P11: =IF(INDEX(学年度总表!$P$3:$P$1025,MATCH($E11,学年度总表!$E$3:$E$1025,0))="","",INDEX(学年度总表!$P$3:$P$1025,MATCH($E11,学年度总表!$E$3:$E$1025,0))) -> 校一等 | Q11: =IF(INDEX(学年度总表!$Q$3:$Q$1025,MATCH($E11,学年度总表!$E$3:$E$1025,0))="","",INDEX(学年度总表!$Q$3:$Q$1025,MATCH($E11,学年度总表!$E$3:$E$1025,0)))
A12: =IF(INDEX(学年度总表!$A$3:$A$1025,MATCH($E12,学年度总表!$E$3:$E$1025,0))="","",INDEX(学年度总表!$A$3:$A$1025,MATCH($E12,学年度总表!$E$3:$E$1025,0))) -> 23 | B12: =IF(INDEX(学年度总表!$B$3:$B$1025,MATCH($E12,学年度总表!$E$3:$E$1025,0))="","",INDEX(学年度总表!$B$3:$B$1025,MATCH($E12,学年度总表!$E$3:$E$1025,0))) -> 10 | C12: =IF(INDEX(学年度总表!$C$3:$C$1025,MATCH($E12,学年度总表!$E$3:$E$1025,0))="","",INDEX(学年度总表!$C$3:$C$1025,MATCH($E12,学年度总表!$E$3:$E$1025,0))) -> 软工 | D12: =IF(INDEX(学年度总表!$D$3:$D$1025,MATCH($E12,学年度总表!$E$3:$E$1025,0))="","",INDEX(学年度总表!$D$3:$D$1025,MATCH($E12,学年度总表!$E$3:$E$1025,0))) -> 软工14班 | E12: 250451401 | F12: =IF(INDEX(学年度总表!$F$3:$F$1025,MATCH($E12,学年度总表!$E$3:$E$1025,0))="","",INDEX(学年度总表!$F$3:$F$1025,MATCH($E12,学年度总表!$E$3:$E$1025,0))) -> 马艺方 | G12: =IF(INDEX(学年度总表!$G$3:$G$1025,MATCH($E12,学年度总表!$E$3:$E$1025,0))="","",INDEX(学年度总表!$G$3:$G$1025,MATCH($E12,学年度总表!$E$3:$E$1025,0))) -> 11.3 | H12: =IF(INDEX(学年度总表!$H$3:$H$1025,MATCH($E12,学年度总表!$E$3:$E$1025,0))="","",INDEX(学年度总表!$H$3:$H$1025,MATCH($E12,学年度总表!$E$3:$E$1025,0))) -> 69.77 | I12: =IF(INDEX(学年度总表!$I$3:$I$1025,MATCH($E12,学年度总表!$E$3:$E$1025,0))="","",INDEX(学年度总表!$I$3:$I$1025,MATCH($E12,学年度总表!$E$3:$E$1025,0))) -> 5.1 | J12: =IF(INDEX(学年度总表!$J$3:$J$1025,MATCH($E12,学年度总表!$E$3:$E$1025,0))="","",INDEX(学年度总表!$J$3:$J$1025,MATCH($E12,学年度总表!$E$3:$E$1025,0))) -> 86.17 | K12: =IF(INDEX(学年度总表!$K$3:$K$1025,MATCH($E12,学年度总表!$E$3:$E$1025,0))="","",INDEX(学年度总表!$K$3:$K$1025,MATCH($E12,学年度总表!$E$3:$E$1025,0))) -> 10.8 | L12: =IF(INDEX(学年度总表!$L$3:$L$1025,MATCH($E12,学年度总表!$E$3:$E$1025,0))="","",INDEX(学年度总表!$L$3:$L$1025,MATCH($E12,学年度总表!$E$3:$E$1025,0))) -> 66 | M12: =IF(INDEX(学年度总表!$M$3:$M$1025,MATCH($E12,学年度总表!$E$3:$E$1025,0))="","",INDEX(学年度总表!$M$3:$M$1025,MATCH($E12,学年度总表!$E$3:$E$1025,0))) -> 5.3 | N12: =IF(INDEX(学年度总表!$N$3:$N$1025,MATCH($E12,学年度总表!$E$3:$E$1025,0))="","",INDEX(学年度总表!$N$3:$N$1025,MATCH($E12,学年度总表!$E$3:$E$1025,0))) -> 82.1 | O12: =IF(INDEX(学年度总表!$O$3:$O$1025,MATCH($E12,学年度总表!$E$3:$E$1025,0))="","",INDEX(学年度总表!$O$3:$O$1025,MATCH($E12,学年度总表!$E$3:$E$1025,0))) -> 168.27 | P12: =IF(INDEX(学年度总表!$P$3:$P$1025,MATCH($E12,学年度总表!$E$3:$E$1025,0))="","",INDEX(学年度总表!$P$3:$P$1025,MATCH($E12,学年度总表!$E$3:$E$1025,0))) -> 校二等 | Q12: =IF(INDEX(学年度总表!$Q$3:$Q$1025,MATCH($E12,学年度总表!$E$3:$E$1025,0))="","",INDEX(学年度总表!$Q$3:$Q$1025,MATCH($E12,学年度总表!$E$3:$E$1025,0)))
A13: =IF(INDEX(学年度总表!$A$3:$A$1025,MATCH($E13,学年度总表!$E$3:$E$1025,0))="","",INDEX(学年度总表!$A$3:$A$1025,MATCH($E13,学年度总表!$E$3:$E$1025,0))) -> 24 | B13: =IF(INDEX(学年度总表!$B$3:$B$1025,MATCH($E13,学年度总表!$E$3:$E$1025,0))="","",INDEX(学年度总表!$B$3:$B$1025,MATCH($E13,学年度总表!$E$3:$E$1025,0))) -> 11 | C13: =IF(INDEX(学年度总表!$C$3:$C$1025,MATCH($E13,学年度总表!$E$3:$E$1025,0))="","",INDEX(学年度总表!$C$3:$C$1025,MATCH($E13,学年度总表!$E$3:$E$1025,0))) -> 软工 | D13: =IF(INDEX(学年度总表!$D$3:$D$1025,MATCH($E13,学年度总表!$E$3:$E$1025,0))="","",INDEX(学年度总表!$D$3:$D$1025,MATCH($E13,学年度总表!$E$3:$E$1025,0))) -> 软工13班 | E13: 250451324 | F13: =IF(INDEX(学年度总表!$F$3:$F$1025,MATCH($E13,学年度总表!$E$3:$E$1025,0))="","",INDEX(学年度总表!$F$3:$F$1025,MATCH($E13,学年度总表!$E$3:$E$1025,0))) -> 赵君昇 | G13: =IF(INDEX(学年度总表!$G$3:$G$1025,MATCH($E13,学年度总表!$E$3:$E$1025,0))="","",INDEX(学年度总表!$G$3:$G$1025,MATCH($E13,学年度总表!$E$3:$E$1025,0))) -> 10 | H13: =IF(INDEX(学年度总表!$H$3:$H$1025,MATCH($E13,学年度总表!$E$3:$E$1025,0))="","",INDEX(学年度总表!$H$3:$H$1025,MATCH($E13,学年度总表!$E$3:$E$1025,0))) -> 73.8 | I13: =IF(INDEX(学年度总表!$I$3:$I$1025,MATCH($E13,学年度总表!$E$3:$E$1025,0))="","",INDEX(学年度总表!$I$3:$I$1025,MATCH($E13,学年度总表!$E$3:$E$1025,0))) -> 4 | J13: =IF(INDEX(学年度总表!$J$3:$J$1025,MATCH($E13,学年度总表!$E$3:$E$1025,0))="","",INDEX(学年度总表!$J$3:$J$1025,MATCH($E13,学年度总表!$E$3:$E$1025,0))) -> 87.8 | K13: =IF(INDEX(学年度总表!$K$3:$K$1025,MATCH($E13,学年度总表!$E$3:$E$1025,0))="","",INDEX(学年度总表!$K$3:$K$1025,MATCH($E13,学年度总表!$E$3:$E$1025,0))) -> 10 | L13: =IF(INDEX(学年度总表!$L$3:$L$1025,MATCH($E13,学年度总表!$E$3:$E$1025,0))="","",INDEX(学年度总表!$L$3:$L$1025,MATCH($E13,学年度总表!$E$3:$E$1025,0))) -> 66.96 | M13: =IF(INDEX(学年度总表!$M$3:$M$1025,MATCH($E13,学年度总表!$E$3:$E$1025,0))="","",INDEX(学年度总表!$M$3:$M$1025,MATCH($E13,学年度总表!$E$3:$E$1025,0))) -> 3.5 | N13: =IF(INDEX(学年度总表!$N$3:$N$1025,MATCH($E13,学年度总表!$E$3:$E$1025,0))="","",INDEX(学年度总表!$N$3:$N$1025,MATCH($E13,学年度总表!$E$3:$E$1025,0))) -> 80.46 | O13: =IF(INDEX(学年度总表!$O$3:$O$1025,MATCH($E13,学年度总表!$E$3:$E$1025,0))="","",INDEX(学年度总表!$O$3:$O$1025,MATCH($E13,学年度总表!$E$3:$E$1025,0))) -> 168.26 | P13: =IF(INDEX(学年度总表!$P$3:$P$1025,MATCH($E13,学年度总表!$E$3:$E$1025,0))="","",INDEX(学年度总表!$P$3:$P$1025,MATCH($E13,学年度总表!$E$3:$E$1025,0))) -> 校二等 | Q13: =IF(INDEX(学年度总表!$Q$3:$Q$1025,MATCH($E13,学年度总表!$E$3:$E$1025,0))="","",INDEX(学年度总表!$Q$3:$Q$1025,MATCH($E13,学年度总表!$E$3:$E$1025,0)))
A14: =IF(INDEX(学年度总表!$A$3:$A$1025,MATCH($E14,学年度总表!$E$3:$E$1025,0))="","",INDEX(学年度总表!$A$3:$A$1025,MATCH($E14,学年度总表!$E$3:$E$1025,0))) -> 27 | B14: =IF(INDEX(学年度总表!$B$3:$B$1025,MATCH($E14,学年度总表!$E$3:$E$1025,0))="","",INDEX(学年度总表!$B$3:$B$1025,MATCH($E14,学年度总表!$E$3:$E$1025,0))) -> 12 | C14: =IF(INDEX(学年度总表!$C$3:$C$1025,MATCH($E14,学年度总表!$E$3:$E$1025,0))="","",INDEX(学年度总表!$C$3:$C$1025,MATCH($E14,学年度总表!$E$3:$E$1025,0))) -> 软工 | D14: =IF(INDEX(学年度总表!$D$3:$D$1025,MATCH($E14,学年度总表!$E$3:$E$1025,0))="","",INDEX(学年度总表!$D$3:$D$1025,MATCH($E14,学年度总表!$E$3:$E$1025,0))) -> 软工14班 | E14: 250451411 | F14: =IF(INDEX(学年度总表!$F$3:$F$1025,MATCH($E14,学年度总表!$E$3:$E$1025,0))="","",INDEX(学年度总表!$F$3:$F$1025,MATCH($E14,学年度总表!$E$3:$E$1025,0))) -> 郭岩博 | G14: =IF(INDEX(学年度总表!$G$3:$G$1025,MATCH($E14,学年度总表!$E$3:$E$1025,0))="","",INDEX(学年度总表!$G$3:$G$1025,MATCH($E14,学年度总表!$E$3:$E$1025,0))) -> 11 | H14: =IF(INDEX(学年度总表!$H$3:$H$1025,MATCH($E14,学年度总表!$E$3:$E$1025,0))="","",INDEX(学年度总表!$H$3:$H$1025,MATCH($E14,学年度总表!$E$3:$E$1025,0))) -> 63.77 | I14: =IF(INDEX(学年度总表!$I$3:$I$1025,MATCH($E14,学年度总表!$E$3:$E$1025,0))="","",INDEX(学年度总表!$I$3:$I$1025,MATCH($E14,学年度总表!$E$3:$E$1025,0))) -> 5.7 | J14: =IF(INDEX(学年度总表!$J$3:$J$1025,MATCH($E14,学年度总表!$E$3:$E$1025,0))="","",INDEX(学年度总表!$J$3:$J$1025,MATCH($E14,学年度总表!$E$3:$E$1025,0))) -> 80.47 | K14: =IF(INDEX(学年度总表!$K$3:$K$1025,MATCH($E14,学年度总表!$E$3:$E$1025,0))="","",INDEX(学年度总表!$K$3:$K$1025,MATCH($E14,学年度总表!$E$3:$E$1025,0))) -> 11 | L14: =IF(INDEX(学年度总表!$L$3:$L$1025,MATCH($E14,学年度总表!$E$3:$E$1025,0))="","",INDEX(学年度总表!$L$3:$L$1025,MATCH($E14,学年度总表!$E$3:$E$1025,0))) -> 67.57 | M14: =IF(INDEX(学年度总表!$M$3:$M$1025,MATCH($E14,学年度总表!$E$3:$E$1025,0))="","",INDEX(学年度总表!$M$3:$M$1025,MATCH($E14,学年度总表!$E$3:$E$1025,0))) -> 7.85 | N14: =IF(INDEX(学年度总表!$N$3:$N$1025,MATCH($E14,学年度总表!$E$3:$E$1025,0))="","",INDEX(学年度总表!$N$3:$N$1025,MATCH($E14,学年度总表!$E$3:$E$1025,0))) -> 86.42 | O14: =IF(INDEX(学年度总表!$O$3:$O$1025,MATCH($E14,学年度总表!$E$3:$E$1025,0))="","",INDEX(学年度总表!$O$3:$O$1025,MATCH($E14,学年度总表!$E$3:$E$1025,0))) -> 166.89 | P14: =IF(INDEX(学年度总表!$P$3:$P$1025,MATCH($E14,学年度总表!$E$3:$E$1025,0))="","",INDEX(学年度总表!$P$3:$P$1025,MATCH($E14,学年度总表!$E$3:$E$1025,0))) -> 校二等 | Q14: =IF(INDEX(学年度总表!$Q$3:$Q$1025,MATCH($E14,学年度总表!$E$3:$E$1025,0))="","",INDEX(学年度总表!$Q$3:$Q$1025,MATCH($E14,学年度总表!$E$3:$E$1025,0)))
... A358: =IF(INDEX(学年度总表!$A$3:$A$1025,MATCH($E358,学年度总表!$E$3:$E$1025,0))="","",INDEX(学年度总表!$A$3:$A$1025,MATCH($E358,学年度总表!$E$3:$E$1025,0))) -> 990 | B358: =IF(INDEX(学年度总表!$B$3:$B$1025,MATCH($E358,学年度总表!$E$3:$E$1025,0))="","",INDEX(学年度总表!$B$3:$B$1025,MATCH($E358,学年度总表!$E$3:$E$1025,0))) -> 356 | C358: =IF(INDEX(学年度总表!$C$3:$C$1025,MATCH($E358,学年度总表!$E$3:$E$1025,0))="","",INDEX(学年度总表!$C$3:$C$1025,MATCH($E358,学年度总表!$E$3:$E$1025,0))) -> 软工 | D358: =IF(INDEX(学年度总表!$D$3:$D$1025,MATCH($E358,学年度总表!$E$3:$E$1025,0))="","",INDEX(学年度总表!$D$3:$D$1025,MATCH($E358,学年度总表!$E$3:$E$1025,0))) -> 软工5班 | E358: 250450535 | F358: =IF(INDEX(学年度总表!$F$3:$F$1025,MATCH($E358,学年度总表!$E$3:$E$1025,0))="","",INDEX(学年度总表!$F$3:$F$1025,MATCH($E358,学年度总表!$E$3:$E$1025,0))) -> 周洋 | G358: =IF(INDEX(学年度总表!$G$3:$G$1025,MATCH($E358,学年度总表!$E$3:$E$1025,0))="","",INDEX(学年度总表!$G$3:$G$1025,MATCH($E358,学年度总表!$E$3:$E$1025,0))) -> 8.3 | H358: =IF(INDEX(学年度总表!$H$3:$H$1025,MATCH($E358,学年度总表!$E$3:$E$1025,0))="","",INDEX(学年度总表!$H$3:$H$1025,MATCH($E358,学年度总表!$E$3:$E$1025,0))) -> 22.29 | I358: =IF(INDEX(学年度总表!$I$3:$I$1025,MATCH($E358,学年度总表!$E$3:$E$1025,0))="","",INDEX(学年度总表!$I$3:$I$1025,MATCH($E358,学年度总表!$E$3:$E$1025,0))) -> 3 | J358: =IF(INDEX(学年度总表!$J$3:$J$1025,MATCH($E358,学年度总表!$E$3:$E$1025,0))="","",INDEX(学年度总表!$J$3:$J$1025,MATCH($E358,学年度总表!$E$3:$E$1025,0))) -> 33.59 | K358: =IF(INDEX(学年度总表!$K$3:$K$1025,MATCH($E358,学年度总表!$E$3:$E$1025,0))="","",INDEX(学年度总表!$K$3:$K$1025,MATCH($E358,学年度总表!$E$3:$E$1025,0))) -> 9.8 | L358: =IF(INDEX(学年度总表!$L$3:$L$1025,MATCH($E358,学年度总表!$E$3:$E$1025,0))="","",INDEX(学年度总表!$L$3:$L$1025,MATCH($E358,学年度总表!$E$3:$E$1025,0))) -> 0 | M358: =IF(INDEX(学年度总表!$M$3:$M$1025,MATCH($E358,学年度总表!$E$3:$E$1025,0))="","",INDEX(学年度总表!$M$3:$M$1025,MATCH($E358,学年度总表!$E$3:$E$1025,0))) -> 3.5 | N358: =IF(INDEX(学年度总表!$N$3:$N$1025,MATCH($E358,学年度总表!$E$3:$E$1025,0))="","",INDEX(学年度总表!$N$3:$N$1025,MATCH($E358,学年度总表!$E$3:$E$1025,0))) -> 13.3 | O358: =IF(INDEX(学年度总表!$O$3:$O$1025,MATCH($E358,学年度总表!$E$3:$E$1025,0))="","",INDEX(学年度总表!$O$3:$O$1025,MATCH($E358,学年度总表!$E$3:$E$1025,0))) -> 46.89 | P358: =IF(INDEX(学年度总表!$P$3:$P$1025,MATCH($E358,学年度总表!$E$3:$E$1025,0))="","",INDEX(学年度总表!$P$3:$P$1025,MATCH($E358,学年度总表!$E$3:$E$1025,0))) | Q358: =IF(INDEX(学年度总表!$Q$3:$Q$1025,MATCH($E358,学年度总表!$E$3:$E$1025,0))="","",INDEX(学年度总表!$Q$3:$Q$1025,MATCH($E358,学年度总表!$E$3:$E$1025,0)))

Sheet 网工排名
A1: 年级排名 | B1: 专业排名 | C1: 专业 | D1: 班级 | E1: 学号 | F1: 姓名 | G1: 大一上 | K1: 大一下 | O1: 学年总分 | P1: 奖学金 | Q1: 备注
G2: 品德总分 | H2: 学业总分 | I2: 文体总分 | J2: 综测总分 | K2: 品德总分 | L2: 学业总分 | M2: 文体总分 | N2: 综测总分
A3: =IF(INDEX(学年度总表!$A$3:$A$1025,MATCH($E3,学年度总表!$E$3:$E$1025,0))="","",INDEX(学年度总表!$A$3:$A$1025,MATCH($E3,学年度总表!$E$3:$E$1025,0))) -> 1 | B3: =IF(INDEX(学年度总表!$B$3:$B$1025,MATCH($E3,学年度总表!$E$3:$E$1025,0))="","",INDEX(学年度总表!$B$3:$B$1025,MATCH($E3,学年度总表!$E$3:$E$1025,0))) -> 1 | C3: =IF(INDEX(学年度总表!$C$3:$C$1025,MATCH($E3,学年度总表!$E$3:$E$1025,0))="","",INDEX(学年度总表!$C$3:$C$1025,MATCH($E3,学年度总表!$E$3:$E$1025,0))) -> 网工 | D3: =IF(INDEX(学年度总表!$D$3:$D$1025,MATCH($E3,学年度总表!$E$3:$E$1025,0))="","",INDEX(学年度总表!$D$3:$D$1025,MATCH($E3,学年度总表!$E$3:$E$1025,0))) -> 网工15班 | E3: 250451518 | F3: =IF(INDEX(学年度总表!$F$3:$F$1025,MATCH($E3,学年度总表!$E$3:$E$1025,0))="","",INDEX(学年度总表!$F$3:$F$1025,MATCH($E3,学年度总表!$E$3:$E$1025,0))) -> 单禹霖 | G3: =IF(INDEX(学年度总表!$G$3:$G$1025,MATCH($E3,学年度总表!$E$3:$E$1025,0))="","",INDEX(学年度总表!$G$3:$G$1025,MATCH($E3,学年度总表!$E$3:$E$1025,0))) -> 13.5 | H3: =IF(INDEX(学年度总表!$H$3:$H$1025,MATCH($E3,学年度总表!$E$3:$E$1025,0))="","",INDEX(学年度总表!$H$3:$H$1025,MATCH($E3,学年度总表!$E$3:$E$1025,0))) -> 69.67 | I3: =IF(INDEX(学年度总表!$I$3:$I$1025,MATCH($E3,学年度总表!$E$3:$E$1025,0))="","",INDEX(学年度总表!$I$3:$I$1025,MATCH($E3,学年度总表!$E$3:$E$1025,0))) -> 7.1 | J3: =IF(INDEX(学年度总表!$J$3:$J$1025,MATCH($E3,学年度总表!$E$3:$E$1025,0))="","",INDEX(学年度总表!$J$3:$J$1025,MATCH($E3,学年度总表!$E$3:$E$1025,0))) -> 90.27 | K3: =IF(INDEX(学年度总表!$K$3:$K$1025,MATCH($E3,学年度总表!$E$3:$E$1025,0))="","",INDEX(学年度总表!$K$3:$K$1025,MATCH($E3,学年度总表!$E$3:$E$1025,0))) -> 13 | L3: =IF(INDEX(学年度总表!$L$3:$L$1025,MATCH($E3,学年度总表!$E$3:$E$1025,0))="","",INDEX(学年度总表!$L$3:$L$1025,MATCH($E3,学年度总表!$E$3:$E$1025,0))) -> 68.43 | M3: =IF(INDEX(学年度总表!$M$3:$M$1025,MATCH($E3,学年度总表!$E$3:$E$1025,0))="","",INDEX(学年度总表!$M$3:$M$1025,MATCH($E3,学年度总表!$E$3:$E$1025,0))) -> 9 | N3: =IF(INDEX(学年度总表!$N$3:$N$1025,MATCH($E3,学年度总表!$E$3:$E$1025,0))="","",INDEX(学年度总表!$N$3:$N$1025,MATCH($E3,学年度总表!$E$3:$E$1025,0))) -> 90.43 | O3: =IF(INDEX(学年度总表!$O$3:$O$1025,MATCH($E3,学年度总表!$E$3:$E$1025,0))="","",INDEX(学年度总表!$O$3:$O$1025,MATCH($E3,学年度总表!$E$3:$E$1025,0))) -> 180.7 | P3: =IF(INDEX(学年度总表!$P$3:$P$1025,MATCH($E3,学年度总表!$E$3:$E$1025,0))="","",INDEX(学年度总表!$P$3:$P$1025,MATCH($E3,学年度总表!$E$3:$E$1025,0))) -> 国奖 | Q3: =IF(INDEX(学年度总表!$Q$3:$Q$1025,MATCH($E3,学年度总表!$E$3:$E$1025,0))="","",INDEX(学年度总表!$Q$3:$Q$1025,MATCH($E3,学年度总表!$E$3:$E$1025,0)))
A4: =IF(INDEX(学年度总表!$A$3:$A$1025,MATCH($E4,学年度总表!$E$3:$E$1025,0))="","",INDEX(学年度总表!$A$3:$A$1025,MATCH($E4,学年度总表!$E$3:$E$1025,0))) -> 7 | B4: =IF(INDEX(学年度总表!$B$3:$B$1025,MATCH($E4,学年度总表!$E$3:$E$1025,0))="","",INDEX(学年度总表!$B$3:$B$1025,MATCH($E4,学年度总表!$E$3:$E$1025,0))) -> 2 | C4: =IF(INDEX(学年度总表!$C$3:$C$1025,MATCH($E4,学年度总表!$E$3:$E$1025,0))="","",INDEX(学年度总表!$C$3:$C$1025,MATCH($E4,学年度总表!$E$3:$E$1025,0))) -> 网工 | D4: =IF(INDEX(学年度总表!$D$3:$D$1025,MATCH($E4,学年度总表!$E$3:$E$1025,0))="","",INDEX(学年度总表!$D$3:$D$1025,MATCH($E4,学年度总表!$E$3:$E$1025,0))) -> 网工16班 | E4: 250451631 | F4: =IF(INDEX(学年度总表!$F$3:$F$1025,MATCH($E4,学年度总表!$E$3:$E$1025,0))="","",INDEX(学年度总表!$F$3:$F$1025,MATCH($E4,学年度总表!$E$3:$E$1025,0))) -> 李辰析 | G4: =IF(INDEX(学年度总表!$G$3:$G$1025,MATCH($E4,学年度总表!$E$3:$E$1025,0))="","",INDEX(学年度总表!$G$3:$G$1025,MATCH($E4,学年度总表!$E$3:$E$1025,0))) -> 11.4 | H4: =IF(INDEX(学年度总表!$H$3:$H$1025,MATCH($E4,学年度总表!$E$3:$E$1025,0))="","",INDEX(学年度总表!$H$3:$H$1025,MATCH($E4,学年度总表!$E$3:$E$1025,0))) -> 68.99 | I4: =IF(INDEX(学年度总表!$I$3:$I$1025,MATCH($E4,学年度总表!$E$3:$E$1025,0))="","",INDEX(学年度总表!$I$3:$I$1025,MATCH($E4,学年度总表!$E$3:$E$1025,0))) -> 6.4 | J4: =IF(INDEX(学年度总表!$J$3:$J$1025,MATCH($E4,学年度总表!$E$3:$E$1025,0))="","",INDEX(学年度总表!$J$3:$J$1025,MATCH($E4,学年度总表!$E$3:$E$1025,0))) -> 86.79 | K4: =IF(INDEX(学年度总表!$K$3:$K$1025,MATCH($E4,学年度总表!$E$3:$E$1025,0))="","",INDEX(学年度总表!$K$3:$K$1025,MATCH($E4,学年度总表!$E$3:$E$1025,0))) -> 9.8 | L4: =IF(INDEX(学年度总表!$L$3:$L$1025,MATCH($E4,学年度总表!$E$3:$E$1025,0))="","",INDEX(学年度总表!$L$3:$L$1025,MATCH($E4,学年度总表!$E$3:$E$1025,0))) -> 69.46 | M4: =IF(INDEX(学年度总表!$M$3:$M$1025,MATCH($E4,学年度总表!$E$3:$E$1025,0))="","",INDEX(学年度总表!$M$3:$M$1025,MATCH($E4,学年度总表!$E$3:$E$1025,0))) -> 7.9 | N4: =IF(INDEX(学年度总表!$N$3:$N$1025,MATCH($E4,学年度总表!$E$3:$E$1025,0))="","",INDEX(学年度总表!$N$3:$N$1025,MATCH($E4,学年度总表!$E$3:$E$1025,0))) -> 87.16 | O4: =IF(INDEX(学年度总表!$O$3:$O$1025,MATCH($E4,学年度总表!$E$3:$E$1025,0))="","",INDEX(学年度总表!$O$3:$O$1025,MATCH($E4,学年度总表!$E$3:$E$1025,0))) -> 173.95 | P4: =IF(INDEX(学年度总表!$P$3:$P$1025,MATCH($E4,学年度总表!$E$3:$E$1025,0))="","",INDEX(学年度总表!$P$3:$P$1025,MATCH($E4,学年度总表!$E$3:$E$1025,0))) -> 校一等 | Q4: =IF(INDEX(学年度总表!$Q$3:$Q$1025,MATCH($E4,学年度总表!$E$3:$E$1025,0))="","",INDEX(学年度总表!$Q$3:$Q$1025,MATCH($E4,学年度总表!$E$3:$E$1025,0)))
A5: =IF(INDEX(学年度总表!$A$3:$A$1025,MATCH($E5,学年度总表!$E$3:$E$1025,0))="","",INDEX(学年度总表!$A$3:$A$1025,MATCH($E5,学年度总表!$E$3:$E$1025,0))) -> 18 | B5: =IF(INDEX(学年度总表!$B$3:$B$1025,MATCH($E5,学年度总表!$E$3:$E$1025,0))="","",INDEX(学年度总表!$B$3:$B$1025,MATCH($E5,学年度总表!$E$3:$E$1025,0))) -> 3 | C5: =IF(INDEX(学年度总表!$C$3:$C$1025,MATCH($E5,学年度总表!$E$3:$E$1025,0))="","",INDEX(学年度总表!$C$3:$C$1025,MATCH($E5,学年度总表!$E$3:$E$1025,0))) -> 网工 | D5: =IF(INDEX(学年度总表!$D$3:$D$1025,MATCH($E5,学年度总表!$E$3:$E$1025,0))="","",INDEX(学年度总表!$D$3:$D$1025,MATCH($E5,学年度总表!$E$3:$E$1025,0))) -> 网工16班 | E5: 250451615 | F5: =IF(INDEX(学年度总表!$F$3:$F$1025,MATCH($E5,学年度总表!$E$3:$E$1025,0))="","",INDEX(学年度总表!$F$3:$F$1025,MATCH($E5,学年度总表!$E$3:$E$1025,0))) -> 吕静怡 | G5: =IF(INDEX(学年度总表!$G$3:$G$1025,MATCH($E5,学年度总表!$E$3:$E$1025,0))="","",INDEX(学年度总表!$G$3:$G$1025,MATCH($E5,学年度总表!$E$3:$E$1025,0))) -> 9.8 | H5: =IF(INDEX(学年度总表!$H$3:$H$1025,MATCH($E5,学年度总表!$E$3:$E$1025,0))="","",INDEX(学年度总表!$H$3:$H$1025,MATCH($E5,学年度总表!$E$3:$E$1025,0))) -> 69.88 | I5: =IF(INDEX(学年度总表!$I$3:$I$1025,MATCH($E5,学年度总表!$E$3:$E$1025,0))="","",INDEX(学年度总表!$I$3:$I$1025,MATCH($E5,学年度总表!$E$3:$E$1025,0))) -> 5.2 | J5: =IF(INDEX(学年度总表!$J$3:$J$1025,MATCH($E5,学年度总表!$E$3:$E$1025,0))="","",INDEX(学年度总表!$J$3:$J$1025,MATCH($E5,学年度总表!$E$3:$E$1025,0))) -> 84.88 | K5: =IF(INDEX(学年度总表!$K$3:$K$1025,MATCH($E5,学年度总表!$E$3:$E$1025,0))="","",INDEX(学年度总表!$K$3:$K$1025,MATCH($E5,学年度总表!$E$3:$E$1025,0))) -> 9.8 | L5: =IF(INDEX(学年度总表!$L$3:$L$1025,MATCH($E5,学年度总表!$E$3:$E$1025,0))="","",INDEX(学年度总表!$L$3:$L$1025,MATCH($E5,学年度总表!$E$3:$E$1025,0))) -> 67.08 | M5: =IF(INDEX(学年度总表!$M$3:$M$1025,MATCH($E5,学年度总表!$E$3:$E$1025,0))="","",INDEX(学年度总表!$M$3:$M$1025,MATCH($E5,学年度总表!$E$3:$E$1025,0))) -> 7.5 | N5: =IF(INDEX(学年度总表!$N$3:$N$1025,MATCH($E5,学年度总表!$E$3:$E$1025,0))="","",INDEX(学年度总表!$N$3:$N$1025,MATCH($E5,学年度总表!$E$3:$E$1025,0))) -> 84.38 | O5: =IF(INDEX(学年度总表!$O$3:$O$1025,MATCH($E5,学年度总表!$E$3:$E$1025,0))="","",INDEX(学年度总表!$O$3:$O$1025,MATCH($E5,学年度总表!$E$3:$E$1025,0))) -> 169.26 | P5: =IF(INDEX(学年度总表!$P$3:$P$1025,MATCH($E5,学年度总表!$E$3:$E$1025,0))="","",INDEX(学年度总表!$P$3:$P$1025,MATCH($E5,学年度总表!$E$3:$E$1025,0))) -> 国励 | Q5: =IF(INDEX(学年度总表!$Q$3:$Q$1025,MATCH($E5,学年度总表!$E$3:$E$1025,0))="","",INDEX(学年度总表!$Q$3:$Q$1025,MATCH($E5,学年度总表!$E$3:$E$1025,0)))
A6: =IF(INDEX(学年度总表!$A$3:$A$1025,MATCH($E6,学年度总表!$E$3:$E$1025,0))="","",INDEX(学年度总表!$A$3:$A$1025,MATCH($E6,学年度总表!$E$3:$E$1025,0))) -> 21 | B6: =IF(INDEX(学年度总表!$B$3:$B$1025,MATCH($E6,学年度总表!$E$3:$E$1025,0))="","",INDEX(学年度总表!$B$3:$B$1025,MATCH($E6,学年度总表!$E$3:$E$1025,0))) -> 4 | C6: =IF(INDEX(学年度总表!$C$3:$C$1025,MATCH($E6,学年度总表!$E$3:$E$1025,0))="","",INDEX(学年度总表!$C$3:$C$1025,MATCH($E6,学年度总表!$E$3:$E$1025,0))) -> 网工 | D6: =IF(INDEX(学年度总表!$D$3:$D$1025,MATCH($E6,学年度总表!$E$3:$E$1025,0))="","",INDEX(学年度总表!$D$3:$D$1025,MATCH($E6,学年度总表!$E$3:$E$1025,0))) -> 网工15班 | E6: 250451527 | F6: =IF(INDEX(学年度总表!$F$3:$F$1025,MATCH($E6,学年度总表!$E$3:$E$1025,0))="","",INDEX(学年度总表!$F$3:$F$1025,MATCH($E6,学年度总表!$E$3:$E$1025,0))) -> 沈乃鑫 | G6: =IF(INDEX(学年度总表!$G$3:$G$1025,MATCH($E6,学年度总表!$E$3:$E$1025,0))="","",INDEX(学年度总表!$G$3:$G$1025,MATCH($E6,学年度总表!$E$3:$E$1025,0))) -> 9.8 | H6: =IF(INDEX(学年度总表!$H$3:$H$1025,MATCH($E6,学年度总表!$E$3:$E$1025,0))="","",INDEX(学年度总表!$H$3:$H$1025,MATCH($E6,学年度总表!$E$3:$E$1025,0))) -> 67 | I6: =IF(INDEX(学年度总表!$I$3:$I$1025,MATCH($E6,学年度总表!$E$3:$E$1025,0))="","",INDEX(学年度总表!$I$3:$I$1025,MATCH($E6,学年度总表!$E$3:$E$1025,0))) -> 5.1 | J6: =IF(INDEX(学年度总表!$J$3:$J$1025,MATCH($E6,学年度总表!$E$3:$E$1025,0))="","",INDEX(学年度总表!$J$3:$J$1025,MATCH($E6,学年度总表!$E$3:$E$1025,0))) -> 81.9 | K6: =IF(INDEX(学年度总表!$K$3:$K$1025,MATCH($E6,学年度总表!$E$3:$E$1025,0))="","",INDEX(学年度总表!$K$3:$K$1025,MATCH($E6,学年度总表!$E$3:$E$1025,0))) -> 9.8 | L6: =IF(INDEX(学年度总表!$L$3:$L$1025,MATCH($E6,学年度总表!$E$3:$E$1025,0))="","",INDEX(学年度总表!$L$3:$L$1025,MATCH($E6,学年度总表!$E$3:$E$1025,0))) -> 70.02 | M6: =IF(INDEX(学年度总表!$M$3:$M$1025,MATCH($E6,学年度总表!$E$3:$E$1025,0))="","",INDEX(学年度总表!$M$3:$M$1025,MATCH($E6,学年度总表!$E$3:$E$1025,0))) -> 6.9 | N6: =IF(INDEX(学年度总表!$N$3:$N$1025,MATCH($E6,学年度总表!$E$3:$E$1025,0))="","",INDEX(学年度总表!$N$3:$N$1025,MATCH($E6,学年度总表!$E$3:$E$1025,0))) -> 86.72 | O6: =IF(INDEX(学年度总表!$O$3:$O$1025,MATCH($E6,学年度总表!$E$3:$E$1025,0))="","",INDEX(学年度总表!$O$3:$O$1025,MATCH($E6,学年度总表!$E$3:$E$1025,0))) -> 168.62 | P6: =IF(INDEX(学年度总表!$P$3:$P$1025,MATCH($E6,学年度总表!$E$3:$E$1025,0))="","",INDEX(学年度总表!$P$3:$P$1025,MATCH($E6,学年度总表!$E$3:$E$1025,0))) -> 校一等 | Q6: =IF(INDEX(学年度总表!$Q$3:$Q$1025,MATCH($E6,学年度总表!$E$3:$E$1025,0))="","",INDEX(学年度总表!$Q$3:$Q$1025,MATCH($E6,学年度总表!$E$3:$E$1025,0)))
A7: =IF(INDEX(学年度总表!$A$3:$A$1025,MATCH($E7,学年度总表!$E$3:$E$1025,0))="","",INDEX(学年度总表!$A$3:$A$1025,MATCH($E7,学年度总表!$E$3:$E$1025,0))) -> 35 | B7: =IF(INDEX(学年度总表!$B$3:$B$1025,MATCH($E7,学年度总表!$E$3:$E$1025,0))="","",INDEX(学年度总表!$B$3:$B$1025,MATCH($E7,学年度总表!$E$3:$E$1025,0))) -> 5 | C7: =IF(INDEX(学年度总表!$C$3:$C$1025,MATCH($E7,学年度总表!$E$3:$E$1025,0))="","",INDEX(学年度总表!$C$3:$C$1025,MATCH($E7,学年度总表!$E$3:$E$1025,0))) -> 网工 | D7: =IF(INDEX(学年度总表!$D$3:$D$1025,MATCH($E7,学年度总表!$E$3:$E$1025,0))="","",INDEX(学年度总表!$D$3:$D$1025,MATCH($E7,学年度总表!$E$3:$E$1025,0))) -> 网工15班 | E7: 250451533 | F7: =IF(INDEX(学年度总表!$F$3:$F$1025,MATCH($E7,学年度总表!$E$3:$E$1025,0))="","",INDEX(学年度总表!$F$3:$F$1025,MATCH($E7,学年度总表!$E$3:$E$1025,0))) -> 赵一婷 | G7: =IF(INDEX(学年度总表!$G$3:$G$1025,MATCH($E7,学年度总表!$E$3:$E$1025,0))="","",INDEX(学年度总表!$G$3:$G$1025,MATCH($E7,学年度总表!$E$3:$E$1025,0))) -> 13 | H7: =IF(INDEX(学年度总表!$H$3:$H$1025,MATCH($E7,学年度总表!$E$3:$E$1025,0))="","",INDEX(学年度总表!$H$3:$H$1025,MATCH($E7,学年度总表!$E$3:$E$1025,0))) -> 64.38 | I7: =IF(INDEX(学年度总表!$I$3:$I$1025,MATCH($E7,学年度总表!$E$3:$E$1025,0))="","",INDEX(学年度总表!$I$3:$I$1025,MATCH($E7,学年度总表!$E$3:$E$1025,0))) -> 5.6 | J7: =IF(INDEX(学年度总表!$J$3:$J$1025,MATCH($E7,学年度总表!$E$3:$E$1025,0))="","",INDEX(学年度总表!$J$3:$J$1025,MATCH($E7,学年度总表!$E$3:$E$1025,0))) -> 82.98 | K7: =IF(INDEX(学年度总表!$K$3:$K$1025,MATCH($E7,学年度总表!$E$3:$E$1025,0))="","",INDEX(学年度总表!$K$3:$K$1025,MATCH($E7,学年度总表!$E$3:$E$1025,0))) -> 12 | L7: =IF(INDEX(学年度总表!$L$3:$L$1025,MATCH($E7,学年度总表!$E$3:$E$1025,0))="","",INDEX(学年度总表!$L$3:$L$1025,MATCH($E7,学年度总表!$E$3:$E$1025,0))) -> 62.04 | M7: =IF(INDEX(学年度总表!$M$3:$M$1025,MATCH($E7,学年度总表!$E$3:$E$1025,0))="","",INDEX(学年度总表!$M$3:$M$1025,MATCH($E7,学年度总表!$E$3:$E$1025,0))) -> 9 | N7: =IF(INDEX(学年度总表!$N$3:$N$1025,MATCH($E7,学年度总表!$E$3:$E$1025,0))="","",INDEX(学年度总表!$N$3:$N$1025,MATCH($E7,学年度总表!$E$3:$E$1025,0))) -> 83.04 | O7: =IF(INDEX(学年度总表!$O$3:$O$1025,MATCH($E7,学年度总表!$E$3:$E$1025,0))="","",INDEX(学年度总表!$O$3:$O$1025,MATCH($E7,学年度总表!$E$3:$E$1025,0))) -> 166.02 | P7: =IF(INDEX(学年度总表!$P$3:$P$1025,MATCH($E7,学年度总表!$E$3:$E$1025,0))="","",INDEX(学年度总表!$P$3:$P$1025,MATCH($E7,学年度总表!$E$3:$E$1025,0))) -> 校一等 | Q7: =IF(INDEX(学年度总表!$Q$3:$Q$1025,MATCH($E7,学年度总表!$E$3:$E$1025,0))="","",INDEX(学年度总表!$Q$3:$Q$1025,MATCH($E7,学年度总表!$E$3:$E$1025,0)))
A8: =IF(INDEX(学年度总表!$A$3:$A$1025,MATCH($E8,学年度总表!$E$3:$E$1025,0))="","",INDEX(学年度总表!$A$3:$A$1025,MATCH($E8,学年度总表!$E$3:$E$1025,0))) -> 56 | B8: =IF(INDEX(学年度总表!$B$3:$B$1025,MATCH($E8,学年度总表!$E$3:$E$1025,0))="","",INDEX(学年度总表!$B$3:$B$1025,MATCH($E8,学年度总表!$E$3:$E$1025,0))) -> 6 | C8: =IF(INDEX(学年度总表!$C$3:$C$1025,MATCH($E8,学年度总表!$E$3:$E$1025,0))="","",INDEX(学年度总表!$C$3:$C$1025,MATCH($E8,学年度总表!$E$3:$E$1025,0))) -> 网工 | D8: =IF(INDEX(学年度总表!$D$3:$D$1025,MATCH($E8,学年度总表!$E$3:$E$1025,0))="","",INDEX(学年度总表!$D$3:$D$1025,MATCH($E8,学年度总表!$E$3:$E$1025,0))) -> 网工16班 | E8: 250451629 | F8: =IF(INDEX(学年度总表!$F$3:$F$1025,MATCH($E8,学年度总表!$E$3:$E$1025,0))="","",INDEX(学年度总表!$F$3:$F$1025,MATCH($E8,学年度总表!$E$3:$E$1025,0))) -> 夏舶航 | G8: =IF(INDEX(学年度总表!$G$3:$G$1025,MATCH($E8,学年度总表!$E$3:$E$1025,0))="","",INDEX(学年度总表!$G$3:$G$1025,MATCH($E8,学年度总表!$E$3:$E$1025,0))) -> 10 | H8: =IF(INDEX(学年度总表!$H$3:$H$1025,MATCH($E8,学年度总表!$E$3:$E$1025,0))="","",INDEX(学年度总表!$H$3:$H$1025,MATCH($E8,学年度总表!$E$3:$E$1025,0))) -> 65.53 | I8: =IF(INDEX(学年度总表!$I$3:$I$1025,MATCH($E8,学年度总表!$E$3:$E$1025,0))="","",INDEX(学年度总表!$I$3:$I$1025,MATCH($E8,学年度总表!$E$3:$E$1025,0))) -> 5.1 | J8: =IF(INDEX(学年度总表!$J$3:$J$1025,MATCH($E8,学年度总表!$E$3:$E$1025,0))="","",INDEX(学年度总表!$J$3:$J$1025,MATCH($E8,学年度总表!$E$3:$E$1025,0))) -> 80.63 | K8: =IF(INDEX(学年度总表!$K$3:$K$1025,MATCH($E8,学年度总表!$E$3:$E$1025,0))="","",INDEX(学年度总表!$K$3:$K$1025,MATCH($E8,学年度总表!$E$3:$E$1025,0))) -> 10 | L8: =IF(INDEX(学年度总表!$L$3:$L$1025,MATCH($E8,学年度总表!$E$3:$E$1025,0))="","",INDEX(学年度总表!$L$3:$L$1025,MATCH($E8,学年度总表!$E$3:$E$1025,0))) -> 66.42 | M8: =IF(INDEX(学年度总表!$M$3:$M$1025,MATCH($E8,学年度总表!$E$3:$E$1025,0))="","",INDEX(学年度总表!$M$3:$M$1025,MATCH($E8,学年度总表!$E$3:$E$1025,0))) -> 6.1 | N8: =IF(INDEX(学年度总表!$N$3:$N$1025,MATCH($E8,学年度总表!$E$3:$E$1025,0))="","",INDEX(学年度总表!$N$3:$N$1025,MATCH($E8,学年度总表!$E$3:$E$1025,0))) -> 82.52 | O8: =IF(INDEX(学年度总表!$O$3:$O$1025,MATCH($E8,学年度总表!$E$3:$E$1025,0))="","",INDEX(学年度总表!$O$3:$O$1025,MATCH($E8,学年度总表!$E$3:$E$1025,0))) -> 163.15 | P8: =IF(INDEX(学年度总表!$P$3:$P$1025,MATCH($E8,学年度总表!$E$3:$E$1025,0))="","",INDEX(学年度总表!$P$3:$P$1025,MATCH($E8,学年度总表!$E$3:$E$1025,0))) -> 校二等 | Q8: =IF(INDEX(学年度总表!$Q$3:$Q$1025,MATCH($E8,学年度总表!$E$3:$E$1025,0))="","",INDEX(学年度总表!$Q$3:$Q$1025,MATCH($E8,学年度总表!$E$3:$E$1025,0)))
A9: =IF(INDEX(学年度总表!$A$3:$A$1025,MATCH($E9,学年度总表!$E$3:$E$1025,0))="","",INDEX(学年度总表!$A$3:$A$1025,MATCH($E9,学年度总表!$E$3:$E$1025,0))) -> 58 | B9: =IF(INDEX(学年度总表!$B$3:$B$1025,MATCH($E9,学年度总表!$E$3:$E$1025,0))="","",INDEX(学年度总表!$B$3:$B$1025,MATCH($E9,学年度总表!$E$3:$E$1025,0))) -> 7 | C9: =IF(INDEX(学年度总表!$C$3:$C$1025,MATCH($E9,学年度总表!$E$3:$E$1025,0))="","",INDEX(学年度总表!$C$3:$C$1025,MATCH($E9,学年度总表!$E$3:$E$1025,0))) -> 网工 | D9: =IF(INDEX(学年度总表!$D$3:$D$1025,MATCH($E9,学年度总表!$E$3:$E$1025,0))="","",INDEX(学年度总表!$D$3:$D$1025,MATCH($E9,学年度总表!$E$3:$E$1025,0))) -> 网工15班 | E9: 250451520 | F9: =IF(INDEX(学年度总表!$F$3:$F$1025,MATCH($E9,学年度总表!$E$3:$E$1025,0))="","",INDEX(学年度总表!$F$3:$F$1025,MATCH($E9,学年度总表!$E$3:$E$1025,0))) -> 李依蔓 | G9: =IF(INDEX(学年度总表!$G$3:$G$1025,MATCH($E9,学年度总表!$E$3:$E$1025,0))="","",INDEX(学年度总表!$G$3:$G$1025,MATCH($E9,学年度总表!$E$3:$E$1025,0))) -> 10.6 | H9: =IF(INDEX(学年度总表!$H$3:$H$1025,MATCH($E9,学年度总表!$E$3:$E$1025,0))="","",INDEX(学年度总表!$H$3:$H$1025,MATCH($E9,学年度总表!$E$3:$E$1025,0))) -> 69.66 | I9: =IF(INDEX(学年度总表!$I$3:$I$1025,MATCH($E9,学年度总表!$E$3:$E$1025,0))="","",INDEX(学年度总表!$I$3:$I$1025,MATCH($E9,学年度总表!$E$3:$E$1025,0))) -> 3 | J9: =IF(INDEX(学年度总表!$J$3:$J$1025,MATCH($E9,学年度总表!$E$3:$E$1025,0))="","",INDEX(学年度总表!$J$3:$J$1025,MATCH($E9,学年度总表!$E$3:$E$1025,0))) -> 83.26 | K9: =IF(INDEX(学年度总表!$K$3:$K$1025,MATCH($E9,学年度总表!$E$3:$E$1025,0))="","",INDEX(学年度总表!$K$3:$K$1025,MATCH($E9,学年度总表!$E$3:$E$1025,0))) -> 9.8 | L9: =IF(INDEX(学年度总表!$L$3:$L$1025,MATCH($E9,学年度总表!$E$3:$E$1025,0))="","",INDEX(学年度总表!$L$3:$L$1025,MATCH($E9,学年度总表!$E$3:$E$1025,0))) -> 62.2 | M9: =IF(INDEX(学年度总表!$M$3:$M$1025,MATCH($E9,学年度总表!$E$3:$E$1025,0))="","",INDEX(学年度总表!$M$3:$M$1025,MATCH($E9,学年度总表!$E$3:$E$1025,0))) -> 7 | N9: =IF(INDEX(学年度总表!$N$3:$N$1025,MATCH($E9,学年度总表!$E$3:$E$1025,0))="","",INDEX(学年度总表!$N$3:$N$1025,MATCH($E9,学年度总表!$E$3:$E$1025,0))) -> 79 | O9: =IF(INDEX(学年度总表!$O$3:$O$1025,MATCH($E9,学年度总表!$E$3:$E$1025,0))="","",INDEX(学年度总表!$O$3:$O$1025,MATCH($E9,学年度总表!$E$3:$E$1025,0))) -> 162.26 | P9: =IF(INDEX(学年度总表!$P$3:$P$1025,MATCH($E9,学年度总表!$E$3:$E$1025,0))="","",INDEX(学年度总表!$P$3:$P$1025,MATCH($E9,学年度总表!$E$3:$E$1025,0))) | Q9: =IF(INDEX(学年度总表!$Q$3:$Q$1025,MATCH($E9,学年度总表!$E$3:$E$1025,0))="","",INDEX(学年度总表!$Q$3:$Q$1025,MATCH($E9,学年度总表!$E$3:$E$1025,0)))
A10: =IF(INDEX(学年度总表!$A$3:$A$1025,MATCH($E10,学年度总表!$E$3:$E$1025,0))="","",INDEX(学年度总表!$A$3:$A$1025,MATCH($E10,学年度总表!$E$3:$E$1025,0))) -> 60 | B10: =IF(INDEX(学年度总表!$B$3:$B$1025,MATCH($E10,学年度总表!$E$3:$E$1025,0))="","",INDEX(学年度总表!$B$3:$B$1025,MATCH($E10,学年度总表!$E$3:$E$1025,0))) -> 8 | C10: =IF(INDEX(学年度总表!$C$3:$C$1025,MATCH($E10,学年度总表!$E$3:$E$1025,0))="","",INDEX(学年度总表!$C$3:$C$1025,MATCH($E10,学年度总表!$E$3:$E$1025,0))) -> 网工 | D10: =IF(INDEX(学年度总表!$D$3:$D$1025,MATCH($E10,学年度总表!$E$3:$E$1025,0))="","",INDEX(学年度总表!$D$3:$D$1025,MATCH($E10,学年度总表!$E$3:$E$1025,0))) -> 网工15班 | E10: 250451511 | F10: =IF(INDEX(学年度总表!$F$3:$F$1025,MATCH($E10,学年度总表!$E$3:$E$1025,0))="","",INDEX(学年度总表!$F$3:$F$1025,MATCH($E10,学年度总表!$E$3:$E$1025,0))) -> 管奕暄 | G10: =IF(INDEX(学年度总表!$G$3:$G$1025,MATCH($E10,学年度总表!$E$3:$E$1025,0))="","",INDEX(学年度总表!$G$3:$G$1025,MATCH($E10,学年度总表!$E$3:$E$1025,0))) -> 10.8 | H10: =IF(INDEX(学年度总表!$H$3:$H$1025,MATCH($E10,学年度总表!$E$3:$E$1025,0))="","",INDEX(学年度总表!$H$3:$H$1025,MATCH($E10,学年度总表!$E$3:$E$1025,0))) -> 68.68 | I10: =IF(INDEX(学年度总表!$I$3:$I$1025,MATCH($E10,学年度总表!$E$3:$E$1025,0))="","",INDEX(学年度总表!$I$3:$I$1025,MATCH($E10,学年度总表!$E$3:$E$1025,0))) -> 3 | J10: =IF(INDEX(学年度总表!$J$3:$J$1025,MATCH($E10,学年度总表!$E$3:$E$1025,0))="","",INDEX(学年度总表!$J$3:$J$1025,MATCH($E10,学年度总表!$E$3:$E$1025,0))) -> 82.48 | K10: =IF(INDEX(学年度总表!$K$3:$K$1025,MATCH($E10,学年度总表!$E$3:$E$1025,0))="","",INDEX(学年度总表!$K$3:$K$1025,MATCH($E10,学年度总表!$E$3:$E$1025,0))) -> 8.3 | L10: =IF(INDEX(学年度总表!$L$3:$L$1025,MATCH($E10,学年度总表!$E$3:$E$1025,0))="","",INDEX(学年度总表!$L$3:$L$1025,MATCH($E10,学年度总表!$E$3:$E$1025,0))) -> 64.41 | M10: =IF(INDEX(学年度总表!$M$3:$M$1025,MATCH($E10,学年度总表!$E$3:$E$1025,0))="","",INDEX(学年度总表!$M$3:$M$1025,MATCH($E10,学年度总表!$E$3:$E$1025,0))) -> 7 | N10: =IF(INDEX(学年度总表!$N$3:$N$1025,MATCH($E10,学年度总表!$E$3:$E$1025,0))="","",INDEX(学年度总表!$N$3:$N$1025,MATCH($E10,学年度总表!$E$3:$E$1025,0))) -> 79.71 | O10: =IF(INDEX(学年度总表!$O$3:$O$1025,MATCH($E10,学年度总表!$E$3:$E$1025,0))="","",INDEX(学年度总表!$O$3:$O$1025,MATCH($E10,学年度总表!$E$3:$E$1025,0))) -> 162.19 | P10: =IF(INDEX(学年度总表!$P$3:$P$1025,MATCH($E10,学年度总表!$E$3:$E$1025,0))="","",INDEX(学年度总表!$P$3:$P$1025,MATCH($E10,学年度总表!$E$3:$E$1025,0))) -> 校二等 | Q10: =IF(INDEX(学年度总表!$Q$3:$Q$1025,MATCH($E10,学年度总表!$E$3:$E$1025,0))="","",INDEX(学年度总表!$Q$3:$Q$1025,MATCH($E10,学年度总表!$E$3:$E$1025,0)))
A11: =IF(INDEX(学年度总表!$A$3:$A$1025,MATCH($E11,学年度总表!$E$3:$E$1025,0))="","",INDEX(学年度总表!$A$3:$A$1025,MATCH($E11,学年度总表!$E$3:$E$1025,0))) -> 67 | B11: =IF(INDEX(学年度总表!$B$3:$B$1025,MATCH($E11,学年度总表!$E$3:$E$1025,0))="","",INDEX(学年度总表!$B$3:$B$1025,MATCH($E11,学年度总表!$E$3:$E$1025,0))) -> 9 | C11: =IF(INDEX(学年度总表!$C$3:$C$1025,MATCH($E11,学年度总表!$E$3:$E$1025,0))="","",INDEX(学年度总表!$C$3:$C$1025,MATCH($E11,学年度总表!$E$3:$E$1025,0))) -> 网工 | D11: =IF(INDEX(学年度总表!$D$3:$D$1025,MATCH($E11,学年度总表!$E$3:$E$1025,0))="","",INDEX(学年度总表!$D$3:$D$1025,MATCH($E11,学年度总表!$E$3:$E$1025,0))) -> 网工18班 | E11: 250451809 | F11: =IF(INDEX(学年度总表!$F$3:$F$1025,MATCH($E11,学年度总表!$E$3:$E$1025,0))="","",INDEX(学年度总表!$F$3:$F$1025,MATCH($E11,学年度总表!$E$3:$E$1025,0))) -> 姜皓元 | G11: =IF(INDEX(学年度总表!$G$3:$G$1025,MATCH($E11,学年度总表!$E$3:$E$1025,0))="","",INDEX(学年度总表!$G$3:$G$1025,MATCH($E11,学年度总表!$E$3:$E$1025,0))) -> 11.5 | H11: =IF(INDEX(学年度总表!$H$3:$H$1025,MATCH($E11,学年度总表!$E$3:$E$1025,0))="","",INDEX(学年度总表!$H$3:$H$1025,MATCH($E11,学年度总表!$E$3:$E$1025,0))) -> 66.55 | I11: =IF(INDEX(学年度总表!$I$3:$I$1025,MATCH($E11,学年度总表!$E$3:$E$1025,0))="","",INDEX(学年度总表!$I$3:$I$1025,MATCH($E11,学年度总表!$E$3:$E$1025,0))) -> 4.95 | J11: =IF(INDEX(学年度总表!$J$3:$J$1025,MATCH($E11,学年度总表!$E$3:$E$1025,0))="","",INDEX(学年度总表!$J$3:$J$1025,MATCH($E11,学年度总表!$E$3:$E$1025,0))) -> 83 | K11: =IF(INDEX(学年度总表!$K$3:$K$1025,MATCH($E11,学年度总表!$E$3:$E$1025,0))="","",INDEX(学年度总表!$K$3:$K$1025,MATCH($E11,学年度总表!$E$3:$E$1025,0))) -> 10 | L11: =IF(INDEX(学年度总表!$L$3:$L$1025,MATCH($E11,学年度总表!$E$3:$E$1025,0))="","",INDEX(学年度总表!$L$3:$L$1025,MATCH($E11,学年度总表!$E$3:$E$1025,0))) -> 61.81 | M11: =IF(INDEX(学年度总表!$M$3:$M$1025,MATCH($E11,学年度总表!$E$3:$E$1025,0))="","",INDEX(学年度总表!$M$3:$M$1025,MATCH($E11,学年度总表!$E$3:$E$1025,0))) -> 6.7 | N11: =IF(INDEX(学年度总表!$N$3:$N$1025,MATCH($E11,学年度总表!$E$3:$E$1025,0))="","",INDEX(学年度总表!$N$3:$N$1025,MATCH($E11,学年度总表!$E$3:$E$1025,0))) -> 78.51 | O11: =IF(INDEX(学年度总表!$O$3:$O$1025,MATCH($E11,学年度总表!$E$3:$E$1025,0))="","",INDEX(学年度总表!$O$3:$O$1025,MATCH($E11,学年度总表!$E$3:$E$1025,0))) -> 161.51 | P11: =IF(INDEX(学年度总表!$P$3:$P$1025,MATCH($E11,学年度总表!$E$3:$E$1025,0))="","",INDEX(学年度总表!$P$3:$P$1025,MATCH($E11,学年度总表!$E$3:$E$1025,0))) -> 校二等 | Q11: =IF(INDEX(学年度总表!$Q$3:$Q$1025,MATCH($E11,学年度总表!$E$3:$E$1025,0))="","",INDEX(学年度总表!$Q$3:$Q$1025,MATCH($E11,学年度总表!$E$3:$E$1025,0)))
A12: =IF(INDEX(学年度总表!$A$3:$A$1025,MATCH($E12,学年度总表!$E$3:$E$1025,0))="","",INDEX(学年度总表!$A$3:$A$1025,MATCH($E12,学年度总表!$E$3:$E$1025,0))) -> 74 | B12: =IF(INDEX(学年度总表!$B$3:$B$1025,MATCH($E12,学年度总表!$E$3:$E$1025,0))="","",INDEX(学年度总表!$B$3:$B$1025,MATCH($E12,学年度总表!$E$3:$E$1025,0))) -> 10 | C12: =IF(INDEX(学年度总表!$C$3:$C$1025,MATCH($E12,学年度总表!$E$3:$E$1025,0))="","",INDEX(学年度总表!$C$3:$C$1025,MATCH($E12,学年度总表!$E$3:$E$1025,0))) -> 网工 | D12: =IF(INDEX(学年度总表!$D$3:$D$1025,MATCH($E12,学年度总表!$E$3:$E$1025,0))="","",INDEX(学年度总表!$D$3:$D$1025,MATCH($E12,学年度总表!$E$3:$E$1025,0))) -> 网工16班 | E12: 250451635 | F12: =IF(INDEX(学年度总表!$F$3:$F$1025,MATCH($E12,学年度总表!$E$3:$E$1025,0))="","",INDEX(学年度总表!$F$3:$F$1025,MATCH($E12,学年度总表!$E$3:$E$1025,0))) -> 孙铭晗 | G12: =IF(INDEX(学年度总表!$G$3:$G$1025,MATCH($E12,学年度总表!$E$3:$E$1025,0))="","",INDEX(学年度总表!$G$3:$G$1025,MATCH($E12,学年度总表!$E$3:$E$1025,0))) -> 11.8 | H12: =IF(INDEX(学年度总表!$H$3:$H$1025,MATCH($E12,学年度总表!$E$3:$E$1025,0))="","",INDEX(学年度总表!$H$3:$H$1025,MATCH($E12,学年度总表!$E$3:$E$1025,0))) -> 62.69 | I12: =IF(INDEX(学年度总表!$I$3:$I$1025,MATCH($E12,学年度总表!$E$3:$E$1025,0))="","",INDEX(学年度总表!$I$3:$I$1025,MATCH($E12,学年度总表!$E$3:$E$1025,0))) -> 5.1 | J12: =IF(INDEX(学年度总表!$J$3:$J$1025,MATCH($E12,学年度总表!$E$3:$E$1025,0))="","",INDEX(学年度总表!$J$3:$J$1025,MATCH($E12,学年度总表!$E$3:$E$1025,0))) -> 79.59 | K12: =IF(INDEX(学年度总表!$K$3:$K$1025,MATCH($E12,学年度总表!$E$3:$E$1025,0))="","",INDEX(学年度总表!$K$3:$K$1025,MATCH($E12,学年度总表!$E$3:$E$1025,0))) -> 11.5 | L12: =IF(INDEX(学年度总表!$L$3:$L$1025,MATCH($E12,学年度总表!$E$3:$E$1025,0))="","",INDEX(学年度总表!$L$3:$L$1025,MATCH($E12,学年度总表!$E$3:$E$1025,0))) -> 64.51 | M12: =IF(INDEX(学年度总表!$M$3:$M$1025,MATCH($E12,学年度总表!$E$3:$E$1025,0))="","",INDEX(学年度总表!$M$3:$M$1025,MATCH($E12,学年度总表!$E$3:$E$1025,0))) -> 4.9 | N12: =IF(INDEX(学年度总表!$N$3:$N$1025,MATCH($E12,学年度总表!$E$3:$E$1025,0))="","",INDEX(学年度总表!$N$3:$N$1025,MATCH($E12,学年度总表!$E$3:$E$1025,0))) -> 80.91 | O12: =IF(INDEX(学年度总表!$O$3:$O$1025,MATCH($E12,学年度总表!$E$3:$E$1025,0))="","",INDEX(学年度总表!$O$3:$O$1025,MATCH($E12,学年度总表!$E$3:$E$1025,0))) -> 160.5 | P12: =IF(INDEX(学年度总表!$P$3:$P$1025,MATCH($E12,学年度总表!$E$3:$E$1025,0))="","",INDEX(学年度总表!$P$3:$P$1025,MATCH($E12,学年度总表!$E$3:$E$1025,0))) -> 校二等 | Q12: =IF(INDEX(学年度总表!$Q$3:$Q$1025,MATCH($E12,学年度总表!$E$3:$E$1025,0))="","",INDEX(学年度总表!$Q$3:$Q$1025,MATCH($E12,学年度总表!$E$3:$E$1025,0)))
A13: =IF(INDEX(学年度总表!$A$3:$A$1025,MATCH($E13,学年度总表!$E$3:$E$1025,0))="","",INDEX(学年度总表!$A$3:$A$1025,MATCH($E13,学年度总表!$E$3:$E$1025,0))) -> 102 | B13: =IF(INDEX(学年度总表!$B$3:$B$1025,MATCH($E13,学年度总表!$E$3:$E$1025,0))="","",INDEX(学年度总表!$B$3:$B$1025,MATCH($E13,学年度总表!$E$3:$E$1025,0))) -> 11 | C13: =IF(INDEX(学年度总表!$C$3:$C$1025,MATCH($E13,学年度总表!$E$3:$E$1025,0))="","",INDEX(学年度总表!$C$3:$C$1025,MATCH($E13,学年度总表!$E$3:$E$1025,0))) -> 网工 | D13: =IF(INDEX(学年度总表!$D$3:$D$1025,MATCH($E13,学年度总表!$E$3:$E$1025,0))="","",INDEX(学年度总表!$D$3:$D$1025,MATCH($E13,学年度总表!$E$3:$E$1025,0))) -> 网工17班 | E13: 250451717 | F13: =IF(INDEX(学年度总表!$F$3:$F$1025,MATCH($E13,学年度总表!$E$3:$E$1025,0))="","",INDEX(学年度总表!$F$3:$F$1025,MATCH($E13,学年度总表!$E$3:$E$1025,0))) -> 孟欣 | G13: =IF(INDEX(学年度总表!$G$3:$G$1025,MATCH($E13,学年度总表!$E$3:$E$1025,0))="","",INDEX(学年度总表!$G$3:$G$1025,MATCH($E13,学年度总表!$E$3:$E$1025,0))) -> 10.8 | H13: =IF(INDEX(学年度总表!$H$3:$H$1025,MATCH($E13,学年度总表!$E$3:$E$1025,0))="","",INDEX(学年度总表!$H$3:$H$1025,MATCH($E13,学年度总表!$E$3:$E$1025,0))) -> 64.29 | I13: =IF(INDEX(学年度总表!$I$3:$I$1025,MATCH($E13,学年度总表!$E$3:$E$1025,0))="","",INDEX(学年度总表!$I$3:$I$1025,MATCH($E13,学年度总表!$E$3:$E$1025,0))) -> 5 | J13: =IF(INDEX(学年度总表!$J$3:$J$1025,MATCH($E13,学年度总表!$E$3:$E$1025,0))="","",INDEX(学年度总表!$J$3:$J$1025,MATCH($E13,学年度总表!$E$3:$E$1025,0))) -> 80.09 | K13: =IF(INDEX(学年度总表!$K$3:$K$1025,MATCH($E13,学年度总表!$E$3:$E$1025,0))="","",INDEX(学年度总表!$K$3:$K$1025,MATCH($E13,学年度总表!$E$3:$E$1025,0))) -> 11.3 | L13: =IF(INDEX(学年度总表!$L$3:$L$1025,MATCH($E13,学年度总表!$E$3:$E$1025,0))="","",INDEX(学年度总表!$L$3:$L$1025,MATCH($E13,学年度总表!$E$3:$E$1025,0))) -> 60.6 | M13: =IF(INDEX(学年度总表!$M$3:$M$1025,MATCH($E13,学年度总表!$E$3:$E$1025,0))="","",INDEX(学年度总表!$M$3:$M$1025,MATCH($E13,学年度总表!$E$3:$E$1025,0))) -> 5.7 | N13: =IF(INDEX(学年度总表!$N$3:$N$1025,MATCH($E13,学年度总表!$E$3:$E$1025,0))="","",INDEX(学年度总表!$N$3:$N$1025,MATCH($E13,学年度总表!$E$3:$E$1025,0))) -> 77.6 | O13: =IF(INDEX(学年度总表!$O$3:$O$1025,MATCH($E13,学年度总表!$E$3:$E$1025,0))="","",INDEX(学年度总表!$O$3:$O$1025,MATCH($E13,学年度总表!$E$3:$E$1025,0))) -> 157.69 | P13: =IF(INDEX(学年度总表!$P$3:$P$1025,MATCH($E13,学年度总表!$E$3:$E$1025,0))="","",INDEX(学年度总表!$P$3:$P$1025,MATCH($E13,学年度总表!$E$3:$E$1025,0))) -> 校三等 | Q13: =IF(INDEX(学年度总表!$Q$3:$Q$1025,MATCH($E13,学年度总表!$E$3:$E$1025,0))="","",INDEX(学年度总表!$Q$3:$Q$1025,MATCH($E13,学年度总表!$E$3:$E$1025,0)))
A14: =IF(INDEX(学年度总表!$A$3:$A$1025,MATCH($E14,学年度总表!$E$3:$E$1025,0))="","",INDEX(学年度总表!$A$3:$A$1025,MATCH($E14,学年度总表!$E$3:$E$1025,0))) -> 103 | B14: =IF(INDEX(学年度总表!$B$3:$B$1025,MATCH($E14,学年度总表!$E$3:$E$1025,0))="","",INDEX(学年度总表!$B$3:$B$1025,MATCH($E14,学年度总表!$E$3:$E$1025,0))) -> 12 | C14: =IF(INDEX(学年度总表!$C$3:$C$1025,MATCH($E14,学年度总表!$E$3:$E$1025,0))="","",INDEX(学年度总表!$C$3:$C$1025,MATCH($E14,学年度总表!$E$3:$E$1025,0))) -> 网工 | D14: =IF(INDEX(学年度总表!$D$3:$D$1025,MATCH($E14,学年度总表!$E$3:$E$1025,0))="","",INDEX(学年度总表!$D$3:$D$1025,MATCH($E14,学年度总表!$E$3:$E$1025,0))) -> 网工15班 | E14: 250451504 | F14: =IF(INDEX(学年度总表!$F$3:$F$1025,MATCH($E14,学年度总表!$E$3:$E$1025,0))="","",INDEX(学年度总表!$F$3:$F$1025,MATCH($E14,学年度总表!$E$3:$E$1025,0))) -> 陈佳慧 | G14: =IF(INDEX(学年度总表!$G$3:$G$1025,MATCH($E14,学年度总表!$E$3:$E$1025,0))="","",INDEX(学年度总表!$G$3:$G$1025,MATCH($E14,学年度总表!$E$3:$E$1025,0))) -> 10.8 | H14: =IF(INDEX(学年度总表!$H$3:$H$1025,MATCH($E14,学年度总表!$E$3:$E$1025,0))="","",INDEX(学年度总表!$H$3:$H$1025,MATCH($E14,学年度总表!$E$3:$E$1025,0))) -> 67.35 | I14: =IF(INDEX(学年度总表!$I$3:$I$1025,MATCH($E14,学年度总表!$E$3:$E$1025,0))="","",INDEX(学年度总表!$I$3:$I$1025,MATCH($E14,学年度总表!$E$3:$E$1025,0))) -> 4 | J14: =IF(INDEX(学年度总表!$J$3:$J$1025,MATCH($E14,学年度总表!$E$3:$E$1025,0))="","",INDEX(学年度总表!$J$3:$J$1025,MATCH($E14,学年度总表!$E$3:$E$1025,0))) -> 82.15 | K14: =IF(INDEX(学年度总表!$K$3:$K$1025,MATCH($E14,学年度总表!$E$3:$E$1025,0))="","",INDEX(学年度总表!$K$3:$K$1025,MATCH($E14,学年度总表!$E$3:$E$1025,0))) -> 7.3 | L14: =IF(INDEX(学年度总表!$L$3:$L$1025,MATCH($E14,学年度总表!$E$3:$E$1025,0))="","",INDEX(学年度总表!$L$3:$L$1025,MATCH($E14,学年度总表!$E$3:$E$1025,0))) -> 60.94 | M14: =IF(INDEX(学年度总表!$M$3:$M$1025,MATCH($E14,学年度总表!$E$3:$E$1025,0))="","",INDEX(学年度总表!$M$3:$M$1025,MATCH($E14,学年度总表!$E$3:$E$1025,0))) -> 7.2 | N14: =IF(INDEX(学年度总表!$N$3:$N$1025,MATCH($E14,学年度总表!$E$3:$E$1025,0))="","",INDEX(学年度总表!$N$3:$N$1025,MATCH($E14,学年度总表!$E$3:$E$1025,0))) -> 75.44 | O14: =IF(INDEX(学年度总表!$O$3:$O$1025,MATCH($E14,学年度总表!$E$3:$E$1025,0))="","",INDEX(学年度总表!$O$3:$O$1025,MATCH($E14,学年度总表!$E$3:$E$1025,0))) -> 157.59 | P14: =IF(INDEX(学年度总表!$P$3:$P$1025,MATCH($E14,学年度总表!$E$3:$E$1025,0))="","",INDEX(学年度总表!$P$3:$P$1025,MATCH($E14,学年度总表!$E$3:$E$1025,0))) -> 校三等 | Q14: =IF(INDEX(学年度总表!$Q$3:$Q$1025,MATCH($E14,学年度总表!$E$3:$E$1025,0))="","",INDEX(学年度总表!$Q$3:$Q$1025,MATCH($E14,学年度总表!$E$3:$E$1025,0)))
... A142: =IF(INDEX(学年度总表!$A$3:$A$1025,MATCH($E142,学年度总表!$E$3:$E$1025,0))="","",INDEX(学年度总表!$A$3:$A$1025,MATCH($E142,学年度总表!$E$3:$E$1025,0))) -> 991 | B142: =IF(INDEX(学年度总表!$B$3:$B$1025,MATCH($E142,学年度总表!$E$3:$E$1025,0))="","",INDEX(学年度总表!$B$3:$B$1025,MATCH($E142,学年度总表!$E$3:$E$1025,0))) -> 140 | C142: =IF(INDEX(学年度总表!$C$3:$C$1025,MATCH($E142,学年度总表!$E$3:$E$1025,0))="","",INDEX(学年度总表!$C$3:$C$1025,MATCH($E142,学年度总表!$E$3:$E$1025,0))) -> 网工 | D142: =IF(INDEX(学年度总表!$D$3:$D$1025,MATCH($E142,学年度总表!$E$3:$E$1025,0))="","",INDEX(学年度总表!$D$3:$D$1025,MATCH($E142,学年度总表!$E$3:$E$1025,0))) -> 网工18班 | E142: 240451610 | F142: =IF(INDEX(学年度总表!$F$3:$F$1025,MATCH($E142,学年度总表!$E$3:$E$1025,0))="","",INDEX(学年度总表!$F$3:$F$1025,MATCH($E142,学年度总表!$E$3:$E$1025,0))) -> 杨雨欣 | G142: =IF(INDEX(学年度总表!$G$3:$G$1025,MATCH($E142,学年度总表!$E$3:$E$1025,0))="","",INDEX(学年度总表!$G$3:$G$1025,MATCH($E142,学年度总表!$E$3:$E$1025,0))) | H142: =IF(INDEX(学年度总表!$H$3:$H$1025,MATCH($E142,学年度总表!$E$3:$E$1025,0))="","",INDEX(学年度总表!$H$3:$H$1025,MATCH($E142,学年度总表!$E$3:$E$1025,0))) | I142: =IF(INDEX(学年度总表!$I$3:$I$1025,MATCH($E142,学年度总表!$E$3:$E$1025,0))="","",INDEX(学年度总表!$I$3:$I$1025,MATCH($E142,学年度总表!$E$3:$E$1025,0))) | J142: =IF(INDEX(学年度总表!$J$3:$J$1025,MATCH($E142,学年度总表!$E$3:$E$1025,0))="","",INDEX(学年度总表!$J$3:$J$1025,MATCH($E142,学年度总表!$E$3:$E$1025,0))) | K142: =IF(INDEX(学年度总表!$K$3:$K$1025,MATCH($E142,学年度总表!$E$3:$E$1025,0))="","",INDEX(学年度总表!$K$3:$K$1025,MATCH($E142,学年度总表!$E$3:$E$1025,0))) -> 9.8 | L142: =IF(INDEX(学年度总表!$L$3:$L$1025,MATCH($E142,学年度总表!$E$3:$E$1025,0))="","",INDEX(学年度总表!$L$3:$L$1025,MATCH($E142,学年度总表!$E$3:$E$1025,0))) -> 17.83 | M142: =IF(INDEX(学年度总表!$M$3:$M$1025,MATCH($E142,学年度总表!$E$3:$E$1025,0))="","",INDEX(学年度总表!$M$3:$M$1025,MATCH($E142,学年度总表!$E$3:$E$1025,0))) -> 3 | N142: =IF(INDEX(学年度总表!$N$3:$N$1025,MATCH($E142,学年度总表!$E$3:$E$1025,0))="","",INDEX(学年度总表!$N$3:$N$1025,MATCH($E142,学年度总表!$E$3:$E$1025,0))) -> 30.63 | O142: =IF(INDEX(学年度总表!$O$3:$O$1025,MATCH($E142,学年度总表!$E$3:$E$1025,0))="","",INDEX(学年度总表!$O$3:$O$1025,MATCH($E142,学年度总表!$E$3:$E$1025,0))) -> 30.63 | P142: =IF(INDEX(学年度总表!$P$3:$P$1025,MATCH($E142,学年度总表!$E$3:$E$1025,0))="","",INDEX(学年度总表!$P$3:$P$1025,MATCH($E142,学年度总表!$E$3:$E$1025,0))) | Q142: =IF(INDEX(学年度总表!$Q$3:$Q$1025,MATCH($E142,学年度总表!$E$3:$E$1025,0))="","",INDEX(学年度总表!$Q$3:$Q$1025,MATCH($E142,学年度总表!$E$3:$E$1025,0))) -> 无大一上综测成绩

Sheet 信管排名
A1: 年级排名 | B1: 专业排名 | C1: 专业 | D1: 班级 | E1: 学号 | F1: 姓名 | G1: 大一上 | K1: 大一下 | O1: 学年总分 | P1: 奖学金 | Q1: 备注
G2: 品德总分 | H2: 学业总分 | I2: 文体总分 | J2: 综测总分 | K2: 品德总分 | L2: 学业总分 | M2: 文体总分 | N2: 综测总分
A3: =IF(INDEX(学年度总表!$A$3:$A$1025,MATCH($E3,学年度总表!$E$3:$E$1025,0))="","",INDEX(学年度总表!$A$3:$A$1025,MATCH($E3,学年度总表!$E$3:$E$1025,0))) -> 9 | B3: =IF(INDEX(学年度总表!$B$3:$B$1025,MATCH($E3,学年度总表!$E$3:$E$1025,0))="","",INDEX(学年度总表!$B$3:$B$1025,MATCH($E3,学年度总表!$E$3:$E$1025,0))) -> 1 | C3: =IF(INDEX(学年度总表!$C$3:$C$1025,MATCH($E3,学年度总表!$E$3:$E$1025,0))="","",INDEX(学年度总表!$C$3:$C$1025,MATCH($E3,学年度总表!$E$3:$E$1025,0))) -> 信管 | D3: =IF(INDEX(学年度总表!$D$3:$D$1025,MATCH($E3,学年度总表!$E$3:$E$1025,0))="","",INDEX(学年度总表!$D$3:$D$1025,MATCH($E3,学年度总表!$E$3:$E$1025,0))) -> 信管26班 | E3: 250452618 | F3: =IF(INDEX(学年度总表!$F$3:$F$1025,MATCH($E3,学年度总表!$E$3:$E$1025,0))="","",INDEX(学年度总表!$F$3:$F$1025,MATCH($E3,学年度总表!$E$3:$E$1025,0))) -> 刘嘉雯 | G3: =IF(INDEX(学年度总表!$G$3:$G$1025,MATCH($E3,学年度总表!$E$3:$E$1025,0))="","",INDEX(学年度总表!$G$3:$G$1025,MATCH($E3,学年度总表!$E$3:$E$1025,0))) -> 10.3 | H3: =IF(INDEX(学年度总表!$H$3:$H$1025,MATCH($E3,学年度总表!$E$3:$E$1025,0))="","",INDEX(学年度总表!$H$3:$H$1025,MATCH($E3,学年度总表!$E$3:$E$1025,0))) -> 72 | I3: =IF(INDEX(学年度总表!$I$3:$I$1025,MATCH($E3,学年度总表!$E$3:$E$1025,0))="","",INDEX(学年度总表!$I$3:$I$1025,MATCH($E3,学年度总表!$E$3:$E$1025,0))) -> 3.2 | J3: =IF(INDEX(学年度总表!$J$3:$J$1025,MATCH($E3,学年度总表!$E$3:$E$1025,0))="","",INDEX(学年度总表!$J$3:$J$1025,MATCH($E3,学年度总表!$E$3:$E$1025,0))) -> 85.5 | K3: =IF(INDEX(学年度总表!$K$3:$K$1025,MATCH($E3,学年度总表!$E$3:$E$1025,0))="","",INDEX(学年度总表!$K$3:$K$1025,MATCH($E3,学年度总表!$E$3:$E$1025,0))) -> 9.8 | L3: =IF(INDEX(学年度总表!$L$3:$L$1025,MATCH($E3,学年度总表!$E$3:$E$1025,0))="","",INDEX(学年度总表!$L$3:$L$1025,MATCH($E3,学年度总表!$E$3:$E$1025,0))) -> 70.95 | M3: =IF(INDEX(学年度总表!$M$3:$M$1025,MATCH($E3,学年度总表!$E$3:$E$1025,0))="","",INDEX(学年度总表!$M$3:$M$1025,MATCH($E3,学年度总表!$E$3:$E$1025,0))) -> 7.05 | N3: =IF(INDEX(学年度总表!$N$3:$N$1025,MATCH($E3,学年度总表!$E$3:$E$1025,0))="","",INDEX(学年度总表!$N$3:$N$1025,MATCH($E3,学年度总表!$E$3:$E$1025,0))) -> 87.8 | O3: =IF(INDEX(学年度总表!$O$3:$O$1025,MATCH($E3,学年度总表!$E$3:$E$1025,0))="","",INDEX(学年度总表!$O$3:$O$1025,MATCH($E3,学年度总表!$E$3:$E$1025,0))) -> 173.3 | P3: =IF(INDEX(学年度总表!$P$3:$P$1025,MATCH($E3,学年度总表!$E$3:$E$1025,0))="","",INDEX(学年度总表!$P$3:$P$1025,MATCH($E3,学年度总表!$E$3:$E$1025,0))) -> 校一等 | Q3: =IF(INDEX(学年度总表!$Q$3:$Q$1025,MATCH($E3,学年度总表!$E$3:$E$1025,0))="","",INDEX(学年度总表!$Q$3:$Q$1025,MATCH($E3,学年度总表!$E$3:$E$1025,0)))
A4: =IF(INDEX(学年度总表!$A$3:$A$1025,MATCH($E4,学年度总表!$E$3:$E$1025,0))="","",INDEX(学年度总表!$A$3:$A$1025,MATCH($E4,学年度总表!$E$3:$E$1025,0))) -> 12 | B4: =IF(INDEX(学年度总表!$B$3:$B$1025,MATCH($E4,学年度总表!$E$3:$E$1025,0))="","",INDEX(学年度总表!$B$3:$B$1025,MATCH($E4,学年度总表!$E$3:$E$1025,0))) -> 2 | C4: =IF(INDEX(学年度总表!$C$3:$C$1025,MATCH($E4,学年度总表!$E$3:$E$1025,0))="","",INDEX(学年度总表!$C$3:$C$1025,MATCH($E4,学年度总表!$E$3:$E$1025,0))) -> 信管 | D4: =IF(INDEX(学年度总表!$D$3:$D$1025,MATCH($E4,学年度总表!$E$3:$E$1025,0))="","",INDEX(学年度总表!$D$3:$D$1025,MATCH($E4,学年度总表!$E$3:$E$1025,0))) -> 信管25班 | E4: 250452517 | F4: =IF(INDEX(学年度总表!$F$3:$F$1025,MATCH($E4,学年度总表!$E$3:$E$1025,0))="","",INDEX(学年度总表!$F$3:$F$1025,MATCH($E4,学年度总表!$E$3:$E$1025,0))) -> 赵春乔 | G4: =IF(INDEX(学年度总表!$G$3:$G$1025,MATCH($E4,学年度总表!$E$3:$E$1025,0))="","",INDEX(学年度总表!$G$3:$G$1025,MATCH($E4,学年度总表!$E$3:$E$1025,0))) -> 10.8 | H4: =IF(INDEX(学年度总表!$H$3:$H$1025,MATCH($E4,学年度总表!$E$3:$E$1025,0))="","",INDEX(学年度总表!$H$3:$H$1025,MATCH($E4,学年度总表!$E$3:$E$1025,0))) -> 69.71 | I4: =IF(INDEX(学年度总表!$I$3:$I$1025,MATCH($E4,学年度总表!$E$3:$E$1025,0))="","",INDEX(学年度总表!$I$3:$I$1025,MATCH($E4,学年度总表!$E$3:$E$1025,0))) -> 4.2 | J4: =IF(INDEX(学年度总表!$J$3:$J$1025,MATCH($E4,学年度总表!$E$3:$E$1025,0))="","",INDEX(学年度总表!$J$3:$J$1025,MATCH($E4,学年度总表!$E$3:$E$1025,0))) -> 84.71 | K4: =IF(INDEX(学年度总表!$K$3:$K$1025,MATCH($E4,学年度总表!$E$3:$E$1025,0))="","",INDEX(学年度总表!$K$3:$K$1025,MATCH($E4,学年度总表!$E$3:$E$1025,0))) -> 9.8 | L4: =IF(INDEX(学年度总表!$L$3:$L$1025,MATCH($E4,学年度总表!$E$3:$E$1025,0))="","",INDEX(学年度总表!$L$3:$L$1025,MATCH($E4,学年度总表!$E$3:$E$1025,0))) -> 68.58 | M4: =IF(INDEX(学年度总表!$M$3:$M$1025,MATCH($E4,学年度总表!$E$3:$E$1025,0))="","",INDEX(学年度总表!$M$3:$M$1025,MATCH($E4,学年度总表!$E$3:$E$1025,0))) -> 8 | N4: =IF(INDEX(学年度总表!$N$3:$N$1025,MATCH($E4,学年度总表!$E$3:$E$1025,0))="","",INDEX(学年度总表!$N$3:$N$1025,MATCH($E4,学年度总表!$E$3:$E$1025,0))) -> 86.38 | O4: =IF(INDEX(学年度总表!$O$3:$O$1025,MATCH($E4,学年度总表!$E$3:$E$1025,0))="","",INDEX(学年度总表!$O$3:$O$1025,MATCH($E4,学年度总表!$E$3:$E$1025,0))) -> 171.09 | P4: =IF(INDEX(学年度总表!$P$3:$P$1025,MATCH($E4,学年度总表!$E$3:$E$1025,0))="","",INDEX(学年度总表!$P$3:$P$1025,MATCH($E4,学年度总表!$E$3:$E$1025,0))) -> 校一等 | Q4: =IF(INDEX(学年度总表!$Q$3:$Q$1025,MATCH($E4,学年度总表!$E$3:$E$1025,0))="","",INDEX(学年度总表!$Q$3:$Q$1025,MATCH($E4,学年度总表!$E$3:$E$1025,0))) -> 转入商学院 财管
A5: =IF(INDEX(学年度总表!$A$3:$A$1025,MATCH($E5,学年度总表!$E$3:$E$1025,0))="","",INDEX(学年度总表!$A$3:$A$1025,MATCH($E5,学年度总表!$E$3:$E$1025,0))) -> 14 | B5: =IF(INDEX(学年度总表!$B$3:$B$1025,MATCH($E5,学年度总表!$E$3:$E$1025,0))="","",INDEX(学年度总表!$B$3:$B$1025,MATCH($E5,学年度总表!$E$3:$E$1025,0))) -> 3 | C5: =IF(INDEX(学年度总表!$C$3:$C$1025,MATCH($E5,学年度总表!$E$3:$E$1025,0))="","",INDEX(学年度总表!$C$3:$C$1025,MATCH($E5,学年度总表!$E$3:$E$1025,0))) -> 信管 | D5: =IF(INDEX(学年度总表!$D$3:$D$1025,MATCH($E5,学年度总表!$E$3:$E$1025,0))="","",INDEX(学年度总表!$D$3:$D$1025,MATCH($E5,学年度总表!$E$3:$E$1025,0))) -> 信管26班 | E5: 250452627 | F5: =IF(INDEX(学年度总表!$F$3:$F$1025,MATCH($E5,学年度总表!$E$3:$E$1025,0))="","",INDEX(学年度总表!$F$3:$F$1025,MATCH($E5,学年度总表!$E$3:$E$1025,0))) -> 张舒涵 | G5: =IF(INDEX(学年度总表!$G$3:$G$1025,MATCH($E5,学年度总表!$E$3:$E$1025,0))="","",INDEX(学年度总表!$G$3:$G$1025,MATCH($E5,学年度总表!$E$3:$E$1025,0))) -> 11.3 | H5: =IF(INDEX(学年度总表!$H$3:$H$1025,MATCH($E5,学年度总表!$E$3:$E$1025,0))="","",INDEX(学年度总表!$H$3:$H$1025,MATCH($E5,学年度总表!$E$3:$E$1025,0))) -> 71.16 | I5: =IF(INDEX(学年度总表!$I$3:$I$1025,MATCH($E5,学年度总表!$E$3:$E$1025,0))="","",INDEX(学年度总表!$I$3:$I$1025,MATCH($E5,学年度总表!$E$3:$E$1025,0))) -> 4.7 | J5: =IF(INDEX(学年度总表!$J$3:$J$1025,MATCH($E5,学年度总表!$E$3:$E$1025,0))="","",INDEX(学年度总表!$J$3:$J$1025,MATCH($E5,学年度总表!$E$3:$E$1025,0))) -> 87.16 | K5: =IF(INDEX(学年度总表!$K$3:$K$1025,MATCH($E5,学年度总表!$E$3:$E$1025,0))="","",INDEX(学年度总表!$K$3:$K$1025,MATCH($E5,学年度总表!$E$3:$E$1025,0))) -> 9.8 | L5: =IF(INDEX(学年度总表!$L$3:$L$1025,MATCH($E5,学年度总表!$E$3:$E$1025,0))="","",INDEX(学年度总表!$L$3:$L$1025,MATCH($E5,学年度总表!$E$3:$E$1025,0))) -> 68.54 | M5: =IF(INDEX(学年度总表!$M$3:$M$1025,MATCH($E5,学年度总表!$E$3:$E$1025,0))="","",INDEX(学年度总表!$M$3:$M$1025,MATCH($E5,学年度总表!$E$3:$E$1025,0))) -> 5.5 | N5: =IF(INDEX(学年度总表!$N$3:$N$1025,MATCH($E5,学年度总表!$E$3:$E$1025,0))="","",INDEX(学年度总表!$N$3:$N$1025,MATCH($E5,学年度总表!$E$3:$E$1025,0))) -> 83.84 | O5: =IF(INDEX(学年度总表!$O$3:$O$1025,MATCH($E5,学年度总表!$E$3:$E$1025,0))="","",INDEX(学年度总表!$O$3:$O$1025,MATCH($E5,学年度总表!$E$3:$E$1025,0))) -> 171 | P5: =IF(INDEX(学年度总表!$P$3:$P$1025,MATCH($E5,学年度总表!$E$3:$E$1025,0))="","",INDEX(学年度总表!$P$3:$P$1025,MATCH($E5,学年度总表!$E$3:$E$1025,0))) -> 校一等 | Q5: =IF(INDEX(学年度总表!$Q$3:$Q$1025,MATCH($E5,学年度总表!$E$3:$E$1025,0))="","",INDEX(学年度总表!$Q$3:$Q$1025,MATCH($E5,学年度总表!$E$3:$E$1025,0)))
A6: =IF(INDEX(学年度总表!$A$3:$A$1025,MATCH($E6,学年度总表!$E$3:$E$1025,0))="","",INDEX(学年度总表!$A$3:$A$1025,MATCH($E6,学年度总表!$E$3:$E$1025,0))) -> 19 | B6: =IF(INDEX(学年度总表!$B$3:$B$1025,MATCH($E6,学年度总表!$E$3:$E$1025,0))="","",INDEX(学年度总表!$B$3:$B$1025,MATCH($E6,学年度总表!$E$3:$E$1025,0))) -> 4 | C6: =IF(INDEX(学年度总表!$C$3:$C$1025,MATCH($E6,学年度总表!$E$3:$E$1025,0))="","",INDEX(学年度总表!$C$3:$C$1025,MATCH($E6,学年度总表!$E$3:$E$1025,0))) -> 信管 | D6: =IF(INDEX(学年度总表!$D$3:$D$1025,MATCH($E6,学年度总表!$E$3:$E$1025,0))="","",INDEX(学年度总表!$D$3:$D$1025,MATCH($E6,学年度总表!$E$3:$E$1025,0))) -> 信管22班 | E6: 250452220 | F6: =IF(INDEX(学年度总表!$F$3:$F$1025,MATCH($E6,学年度总表!$E$3:$E$1025,0))="","",INDEX(学年度总表!$F$3:$F$1025,MATCH($E6,学年度总表!$E$3:$E$1025,0))) -> 贺中泽 | G6: =IF(INDEX(学年度总表!$G$3:$G$1025,MATCH($E6,学年度总表!$E$3:$E$1025,0))="","",INDEX(学年度总表!$G$3:$G$1025,MATCH($E6,学年度总表!$E$3:$E$1025,0))) -> 10.8 | H6: =IF(INDEX(学年度总表!$H$3:$H$1025,MATCH($E6,学年度总表!$E$3:$E$1025,0))="","",INDEX(学年度总表!$H$3:$H$1025,MATCH($E6,学年度总表!$E$3:$E$1025,0))) -> 71.33 | I6: =IF(INDEX(学年度总表!$I$3:$I$1025,MATCH($E6,学年度总表!$E$3:$E$1025,0))="","",INDEX(学年度总表!$I$3:$I$1025,MATCH($E6,学年度总表!$E$3:$E$1025,0))) -> 4 | J6: =IF(INDEX(学年度总表!$J$3:$J$1025,MATCH($E6,学年度总表!$E$3:$E$1025,0))="","",INDEX(学年度总表!$J$3:$J$1025,MATCH($E6,学年度总表!$E$3:$E$1025,0))) -> 86.13 | K6: =IF(INDEX(学年度总表!$K$3:$K$1025,MATCH($E6,学年度总表!$E$3:$E$1025,0))="","",INDEX(学年度总表!$K$3:$K$1025,MATCH($E6,学年度总表!$E$3:$E$1025,0))) -> 10.8 | L6: =IF(INDEX(学年度总表!$L$3:$L$1025,MATCH($E6,学年度总表!$E$3:$E$1025,0))="","",INDEX(学年度总表!$L$3:$L$1025,MATCH($E6,学年度总表!$E$3:$E$1025,0))) -> 66.95 | M6: =IF(INDEX(学年度总表!$M$3:$M$1025,MATCH($E6,学年度总表!$E$3:$E$1025,0))="","",INDEX(学年度总表!$M$3:$M$1025,MATCH($E6,学年度总表!$E$3:$E$1025,0))) -> 5.35 | N6: =IF(INDEX(学年度总表!$N$3:$N$1025,MATCH($E6,学年度总表!$E$3:$E$1025,0))="","",INDEX(学年度总表!$N$3:$N$1025,MATCH($E6,学年度总表!$E$3:$E$1025,0))) -> 83.1 | O6: =IF(INDEX(学年度总表!$O$3:$O$1025,MATCH($E6,学年度总表!$E$3:$E$1025,0))="","",INDEX(学年度总表!$O$3:$O$1025,MATCH($E6,学年度总表!$E$3:$E$1025,0))) -> 169.23 | P6: =IF(INDEX(学年度总表!$P$3:$P$1025,MATCH($E6,学年度总表!$E$3:$E$1025,0))="","",INDEX(学年度总表!$P$3:$P$1025,MATCH($E6,学年度总表!$E$3:$E$1025,0))) -> 校一等 | Q6: =IF(INDEX(学年度总表!$Q$3:$Q$1025,MATCH($E6,学年度总表!$E$3:$E$1025,0))="","",INDEX(学年度总表!$Q$3:$Q$1025,MATCH($E6,学年度总表!$E$3:$E$1025,0)))
A7: =IF(INDEX(学年度总表!$A$3:$A$1025,MATCH($E7,学年度总表!$E$3:$E$1025,0))="","",INDEX(学年度总表!$A$3:$A$1025,MATCH($E7,学年度总表!$E$3:$E$1025,0))) -> 25 | B7: =IF(INDEX(学年度总表!$B$3:$B$1025,MATCH($E7,学年度总表!$E$3:$E$1025,0))="","",INDEX(学年度总表!$B$3:$B$1025,MATCH($E7,学年度总表!$E$3:$E$1025,0))) -> 5 | C7: =IF(INDEX(学年度总表!$C$3:$C$1025,MATCH($E7,学年度总表!$E$3:$E$1025,0))="","",INDEX(学年度总表!$C$3:$C$1025,MATCH($E7,学年度总表!$E$3:$E$1025,0))) -> 信管 | D7: =IF(INDEX(学年度总表!$D$3:$D$1025,MATCH($E7,学年度总表!$E$3:$E$1025,0))="","",INDEX(学年度总表!$D$3:$D$1025,MATCH($E7,学年度总表!$E$3:$E$1025,0))) -> 信管24班 | E7: 250452429 | F7: =IF(INDEX(学年度总表!$F$3:$F$1025,MATCH($E7,学年度总表!$E$3:$E$1025,0))="","",INDEX(学年度总表!$F$3:$F$1025,MATCH($E7,学年度总表!$E$3:$E$1025,0))) -> 孙鑫颜 | G7: =IF(INDEX(学年度总表!$G$3:$G$1025,MATCH($E7,学年度总表!$E$3:$E$1025,0))="","",INDEX(学年度总表!$G$3:$G$1025,MATCH($E7,学年度总表!$E$3:$E$1025,0))) -> 10.8 | H7: =IF(INDEX(学年度总表!$H$3:$H$1025,MATCH($E7,学年度总表!$E$3:$E$1025,0))="","",INDEX(学年度总表!$H$3:$H$1025,MATCH($E7,学年度总表!$E$3:$E$1025,0))) -> 69.71 | I7: =IF(INDEX(学年度总表!$I$3:$I$1025,MATCH($E7,学年度总表!$E$3:$E$1025,0))="","",INDEX(学年度总表!$I$3:$I$1025,MATCH($E7,学年度总表!$E$3:$E$1025,0))) -> 5 | J7: =IF(INDEX(学年度总表!$J$3:$J$1025,MATCH($E7,学年度总表!$E$3:$E$1025,0))="","",INDEX(学年度总表!$J$3:$J$1025,MATCH($E7,学年度总表!$E$3:$E$1025,0))) -> 85.51 | K7: =IF(INDEX(学年度总表!$K$3:$K$1025,MATCH($E7,学年度总表!$E$3:$E$1025,0))="","",INDEX(学年度总表!$K$3:$K$1025,MATCH($E7,学年度总表!$E$3:$E$1025,0))) -> 11.3 | L7: =IF(INDEX(学年度总表!$L$3:$L$1025,MATCH($E7,学年度总表!$E$3:$E$1025,0))="","",INDEX(学年度总表!$L$3:$L$1025,MATCH($E7,学年度总表!$E$3:$E$1025,0))) -> 65.15 | M7: =IF(INDEX(学年度总表!$M$3:$M$1025,MATCH($E7,学年度总表!$E$3:$E$1025,0))="","",INDEX(学年度总表!$M$3:$M$1025,MATCH($E7,学年度总表!$E$3:$E$1025,0))) -> 6 | N7: =IF(INDEX(学年度总表!$N$3:$N$1025,MATCH($E7,学年度总表!$E$3:$E$1025,0))="","",INDEX(学年度总表!$N$3:$N$1025,MATCH($E7,学年度总表!$E$3:$E$1025,0))) -> 82.45 | O7: =IF(INDEX(学年度总表!$O$3:$O$1025,MATCH($E7,学年度总表!$E$3:$E$1025,0))="","",INDEX(学年度总表!$O$3:$O$1025,MATCH($E7,学年度总表!$E$3:$E$1025,0))) -> 167.96 | P7: =IF(INDEX(学年度总表!$P$3:$P$1025,MATCH($E7,学年度总表!$E$3:$E$1025,0))="","",INDEX(学年度总表!$P$3:$P$1025,MATCH($E7,学年度总表!$E$3:$E$1025,0))) -> 校一等 | Q7: =IF(INDEX(学年度总表!$Q$3:$Q$1025,MATCH($E7,学年度总表!$E$3:$E$1025,0))="","",INDEX(学年度总表!$Q$3:$Q$1025,MATCH($E7,学年度总表!$E$3:$E$1025,0)))
A8: =IF(INDEX(学年度总表!$A$3:$A$1025,MATCH($E8,学年度总表!$E$3:$E$1025,0))="","",INDEX(学年度总表!$A$3:$A$1025,MATCH($E8,学年度总表!$E$3:$E$1025,0))) -> 28 | B8: =IF(INDEX(学年度总表!$B$3:$B$1025,MATCH($E8,学年度总表!$E$3:$E$1025,0))="","",INDEX(学年度总表!$B$3:$B$1025,MATCH($E8,学年度总表!$E$3:$E$1025,0))) -> 6 | C8: =IF(INDEX(学年度总表!$C$3:$C$1025,MATCH($E8,学年度总表!$E$3:$E$1025,0))="","",INDEX(学年度总表!$C$3:$C$1025,MATCH($E8,学年度总表!$E$3:$E$1025,0))) -> 信管 | D8: =IF(INDEX(学年度总表!$D$3:$D$1025,MATCH($E8,学年度总表!$E$3:$E$1025,0))="","",INDEX(学年度总表!$D$3:$D$1025,MATCH($E8,学年度总表!$E$3:$E$1025,0))) -> 信管28班 | E8: 250452816 | F8: =IF(INDEX(学年度总表!$F$3:$F$1025,MATCH($E8,学年度总表!$E$3:$E$1025,0))="","",INDEX(学年度总表!$F$3:$F$1025,MATCH($E8,学年度总表!$E$3:$E$1025,0))) -> 牟彦铷 | G8: =IF(INDEX(学年度总表!$G$3:$G$1025,MATCH($E8,学年度总表!$E$3:$E$1025,0))="","",INDEX(学年度总表!$G$3:$G$1025,MATCH($E8,学年度总表!$E$3:$E$1025,0))) -> 9.8 | H8: =IF(INDEX(学年度总表!$H$3:$H$1025,MATCH($E8,学年度总表!$E$3:$E$1025,0))="","",INDEX(学年度总表!$H$3:$H$1025,MATCH($E8,学年度总表!$E$3:$E$1025,0))) -> 69.07 | I8: =IF(INDEX(学年度总表!$I$3:$I$1025,MATCH($E8,学年度总表!$E$3:$E$1025,0))="","",INDEX(学年度总表!$I$3:$I$1025,MATCH($E8,学年度总表!$E$3:$E$1025,0))) -> 5.8 | J8: =IF(INDEX(学年度总表!$J$3:$J$1025,MATCH($E8,学年度总表!$E$3:$E$1025,0))="","",INDEX(学年度总表!$J$3:$J$1025,MATCH($E8,学年度总表!$E$3:$E$1025,0))) -> 84.67 | K8: =IF(INDEX(学年度总表!$K$3:$K$1025,MATCH($E8,学年度总表!$E$3:$E$1025,0))="","",INDEX(学年度总表!$K$3:$K$1025,MATCH($E8,学年度总表!$E$3:$E$1025,0))) -> 10 | L8: =IF(INDEX(学年度总表!$L$3:$L$1025,MATCH($E8,学年度总表!$E$3:$E$1025,0))="","",INDEX(学年度总表!$L$3:$L$1025,MATCH($E8,学年度总表!$E$3:$E$1025,0))) -> 63.3 | M8: =IF(INDEX(学年度总表!$M$3:$M$1025,MATCH($E8,学年度总表!$E$3:$E$1025,0))="","",INDEX(学年度总表!$M$3:$M$1025,MATCH($E8,学年度总表!$E$3:$E$1025,0))) -> 8.9 | N8: =IF(INDEX(学年度总表!$N$3:$N$1025,MATCH($E8,学年度总表!$E$3:$E$1025,0))="","",INDEX(学年度总表!$N$3:$N$1025,MATCH($E8,学年度总表!$E$3:$E$1025,0))) -> 82.2 | O8: =IF(INDEX(学年度总表!$O$3:$O$1025,MATCH($E8,学年度总表!$E$3:$E$1025,0))="","",INDEX(学年度总表!$O$3:$O$1025,MATCH($E8,学年度总表!$E$3:$E$1025,0))) -> 166.87 | P8: =IF(INDEX(学年度总表!$P$3:$P$1025,MATCH($E8,学年度总表!$E$3:$E$1025,0))="","",INDEX(学年度总表!$P$3:$P$1025,MATCH($E8,学年度总表!$E$3:$E$1025,0))) -> 校一等 | Q8: =IF(INDEX(学年度总表!$Q$3:$Q$1025,MATCH($E8,学年度总表!$E$3:$E$1025,0))="","",INDEX(学年度总表!$Q$3:$Q$1025,MATCH($E8,学年度总表!$E$3:$E$1025,0)))
A9: =IF(INDEX(学年度总表!$A$3:$A$1025,MATCH($E9,学年度总表!$E$3:$E$1025,0))="","",INDEX(学年度总表!$A$3:$A$1025,MATCH($E9,学年度总表!$E$3:$E$1025,0))) -> 31 | B9: =IF(INDEX(学年度总表!$B$3:$B$1025,MATCH($E9,学年度总表!$E$3:$E$1025,0))="","",INDEX(学年度总表!$B$3:$B$1025,MATCH($E9,学年度总表!$E$3:$E$1025,0))) -> 7 | C9: =IF(INDEX(学年度总表!$C$3:$C$1025,MATCH($E9,学年度总表!$E$3:$E$1025,0))="","",INDEX(学年度总表!$C$3:$C$1025,MATCH($E9,学年度总表!$E$3:$E$1025,0))) -> 信管 | D9: =IF(INDEX(学年度总表!$D$3:$D$1025,MATCH($E9,学年度总表!$E$3:$E$1025,0))="","",INDEX(学年度总表!$D$3:$D$1025,MATCH($E9,学年度总表!$E$3:$E$1025,0))) -> 信管24班 | E9: 250452426 | F9: =IF(INDEX(学年度总表!$F$3:$F$1025,MATCH($E9,学年度总表!$E$3:$E$1025,0))="","",INDEX(学年度总表!$F$3:$F$1025,MATCH($E9,学年度总表!$E$3:$E$1025,0))) -> 陈尔其 | G9: =IF(INDEX(学年度总表!$G$3:$G$1025,MATCH($E9,学年度总表!$E$3:$E$1025,0))="","",INDEX(学年度总表!$G$3:$G$1025,MATCH($E9,学年度总表!$E$3:$E$1025,0))) -> 9.8 | H9: =IF(INDEX(学年度总表!$H$3:$H$1025,MATCH($E9,学年度总表!$E$3:$E$1025,0))="","",INDEX(学年度总表!$H$3:$H$1025,MATCH($E9,学年度总表!$E$3:$E$1025,0))) -> 70.97 | I9: =IF(INDEX(学年度总表!$I$3:$I$1025,MATCH($E9,学年度总表!$E$3:$E$1025,0))="","",INDEX(学年度总表!$I$3:$I$1025,MATCH($E9,学年度总表!$E$3:$E$1025,0))) -> 5.3 | J9: =IF(INDEX(学年度总表!$J$3:$J$1025,MATCH($E9,学年度总表!$E$3:$E$1025,0))="","",INDEX(学年度总表!$J$3:$J$1025,MATCH($E9,学年度总表!$E$3:$E$1025,0))) -> 86.07 | K9: =IF(INDEX(学年度总表!$K$3:$K$1025,MATCH($E9,学年度总表!$E$3:$E$1025,0))="","",INDEX(学年度总表!$K$3:$K$1025,MATCH($E9,学年度总表!$E$3:$E$1025,0))) -> 9.8 | L9: =IF(INDEX(学年度总表!$L$3:$L$1025,MATCH($E9,学年度总表!$E$3:$E$1025,0))="","",INDEX(学年度总表!$L$3:$L$1025,MATCH($E9,学年度总表!$E$3:$E$1025,0))) -> 64.72 | M9: =IF(INDEX(学年度总表!$M$3:$M$1025,MATCH($E9,学年度总表!$E$3:$E$1025,0))="","",INDEX(学年度总表!$M$3:$M$1025,MATCH($E9,学年度总表!$E$3:$E$1025,0))) -> 5.8 | N9: =IF(INDEX(学年度总表!$N$3:$N$1025,MATCH($E9,学年度总表!$E$3:$E$1025,0))="","",INDEX(学年度总表!$N$3:$N$1025,MATCH($E9,学年度总表!$E$3:$E$1025,0))) -> 80.32 | O9: =IF(INDEX(学年度总表!$O$3:$O$1025,MATCH($E9,学年度总表!$E$3:$E$1025,0))="","",INDEX(学年度总表!$O$3:$O$1025,MATCH($E9,学年度总表!$E$3:$E$1025,0))) -> 166.39 | P9: =IF(INDEX(学年度总表!$P$3:$P$1025,MATCH($E9,学年度总表!$E$3:$E$1025,0))="","",INDEX(学年度总表!$P$3:$P$1025,MATCH($E9,学年度总表!$E$3:$E$1025,0))) -> 校一等 | Q9: =IF(INDEX(学年度总表!$Q$3:$Q$1025,MATCH($E9,学年度总表!$E$3:$E$1025,0))="","",INDEX(学年度总表!$Q$3:$Q$1025,MATCH($E9,学年度总表!$E$3:$E$1025,0)))
A10: =IF(INDEX(学年度总表!$A$3:$A$1025,MATCH($E10,学年度总表!$E$3:$E$1025,0))="","",INDEX(学年度总表!$A$3:$A$1025,MATCH($E10,学年度总表!$E$3:$E$1025,0))) -> 34 | B10: =IF(INDEX(学年度总表!$B$3:$B$1025,MATCH($E10,学年度总表!$E$3:$E$1025,0))="","",INDEX(学年度总表!$B$3:$B$1025,MATCH($E10,学年度总表!$E$3:$E$1025,0))) -> 8 | C10: =IF(INDEX(学年度总表!$C$3:$C$1025,MATCH($E10,学年度总表!$E$3:$E$1025,0))="","",INDEX(学年度总表!$C$3:$C$1025,MATCH($E10,学年度总表!$E$3:$E$1025,0))) -> 信管 | D10: =IF(INDEX(学年度总表!$D$3:$D$1025,MATCH($E10,学年度总表!$E$3:$E$1025,0))="","",INDEX(学年度总表!$D$3:$D$1025,MATCH($E10,学年度总表!$E$3:$E$1025,0))) -> 信管27班 | E10: 250452733 | F10: =IF(INDEX(学年度总表!$F$3:$F$1025,MATCH($E10,学年度总表!$E$3:$E$1025,0))="","",INDEX(学年度总表!$F$3:$F$1025,MATCH($E10,学年度总表!$E$3:$E$1025,0))) -> 杨众然 | G10: =IF(INDEX(学年度总表!$G$3:$G$1025,MATCH($E10,学年度总表!$E$3:$E$1025,0))="","",INDEX(学年度总表!$G$3:$G$1025,MATCH($E10,学年度总表!$E$3:$E$1025,0))) -> 9.8 | H10: =IF(INDEX(学年度总表!$H$3:$H$1025,MATCH($E10,学年度总表!$E$3:$E$1025,0))="","",INDEX(学年度总表!$H$3:$H$1025,MATCH($E10,学年度总表!$E$3:$E$1025,0))) -> 70.8 | I10: =IF(INDEX(学年度总表!$I$3:$I$1025,MATCH($E10,学年度总表!$E$3:$E$1025,0))="","",INDEX(学年度总表!$I$3:$I$1025,MATCH($E10,学年度总表!$E$3:$E$1025,0))) -> 3.2 | J10: =IF(INDEX(学年度总表!$J$3:$J$1025,MATCH($E10,学年度总表!$E$3:$E$1025,0))="","",INDEX(学年度总表!$J$3:$J$1025,MATCH($E10,学年度总表!$E$3:$E$1025,0))) -> 83.8 | K10: =IF(INDEX(学年度总表!$K$3:$K$1025,MATCH($E10,学年度总表!$E$3:$E$1025,0))="","",INDEX(学年度总表!$K$3:$K$1025,MATCH($E10,学年度总表!$E$3:$E$1025,0))) -> 9.8 | L10: =IF(INDEX(学年度总表!$L$3:$L$1025,MATCH($E10,学年度总表!$E$3:$E$1025,0))="","",INDEX(学年度总表!$L$3:$L$1025,MATCH($E10,学年度总表!$E$3:$E$1025,0))) -> 68.32 | M10: =IF(INDEX(学年度总表!$M$3:$M$1025,MATCH($E10,学年度总表!$E$3:$E$1025,0))="","",INDEX(学年度总表!$M$3:$M$1025,MATCH($E10,学年度总表!$E$3:$E$1025,0))) -> 4.2 | N10: =IF(INDEX(学年度总表!$N$3:$N$1025,MATCH($E10,学年度总表!$E$3:$E$1025,0))="","",INDEX(学年度总表!$N$3:$N$1025,MATCH($E10,学年度总表!$E$3:$E$1025,0))) -> 82.32 | O10: =IF(INDEX(学年度总表!$O$3:$O$1025,MATCH($E10,学年度总表!$E$3:$E$1025,0))="","",INDEX(学年度总表!$O$3:$O$1025,MATCH($E10,学年度总表!$E$3:$E$1025,0))) -> 166.12 | P10: =IF(INDEX(学年度总表!$P$3:$P$1025,MATCH($E10,学年度总表!$E$3:$E$1025,0))="","",INDEX(学年度总表!$P$3:$P$1025,MATCH($E10,学年度总表!$E$3:$E$1025,0))) -> 校二等 | Q10: =IF(INDEX(学年度总表!$Q$3:$Q$1025,MATCH($E10,学年度总表!$E$3:$E$1025,0))="","",INDEX(学年度总表!$Q$3:$Q$1025,MATCH($E10,学年度总表!$E$3:$E$1025,0)))
A11: =IF(INDEX(学年度总表!$A$3:$A$1025,MATCH($E11,学年度总表!$E$3:$E$1025,0))="","",INDEX(学年度总表!$A$3:$A$1025,MATCH($E11,学年度总表!$E$3:$E$1025,0))) -> 36 | B11: =IF(INDEX(学年度总表!$B$3:$B$1025,MATCH($E11,学年度总表!$E$3:$E$1025,0))="","",INDEX(学年度总表!$B$3:$B$1025,MATCH($E11,学年度总表!$E$3:$E$1025,0))) -> 9 | C11: =IF(INDEX(学年度总表!$C$3:$C$1025,MATCH($E11,学年度总表!$E$3:$E$1025,0))="","",INDEX(学年度总表!$C$3:$C$1025,MATCH($E11,学年度总表!$E$3:$E$1025,0))) -> 信管 | D11: =IF(INDEX(学年度总表!$D$3:$D$1025,MATCH($E11,学年度总表!$E$3:$E$1025,0))="","",INDEX(学年度总表!$D$3:$D$1025,MATCH($E11,学年度总表!$E$3:$E$1025,0))) -> 信管21班 | E11: 250452124 | F11: =IF(INDEX(学年度总表!$F$3:$F$1025,MATCH($E11,学年度总表!$E$3:$E$1025,0))="","",INDEX(学年度总表!$F$3:$F$1025,MATCH($E11,学年度总表!$E$3:$E$1025,0))) -> 李瑞洋 | G11: =IF(INDEX(学年度总表!$G$3:$G$1025,MATCH($E11,学年度总表!$E$3:$E$1025,0))="","",INDEX(学年度总表!$G$3:$G$1025,MATCH($E11,学年度总表!$E$3:$E$1025,0))) -> 9.8 | H11: =IF(INDEX(学年度总表!$H$3:$H$1025,MATCH($E11,学年度总表!$E$3:$E$1025,0))="","",INDEX(学年度总表!$H$3:$H$1025,MATCH($E11,学年度总表!$E$3:$E$1025,0))) -> 70.14 | I11: =IF(INDEX(学年度总表!$I$3:$I$1025,MATCH($E11,学年度总表!$E$3:$E$1025,0))="","",INDEX(学年度总表!$I$3:$I$1025,MATCH($E11,学年度总表!$E$3:$E$1025,0))) -> 4.2 | J11: =IF(INDEX(学年度总表!$J$3:$J$1025,MATCH($E11,学年度总表!$E$3:$E$1025,0))="","",INDEX(学年度总表!$J$3:$J$1025,MATCH($E11,学年度总表!$E$3:$E$1025,0))) -> 84.14 | K11: =IF(INDEX(学年度总表!$K$3:$K$1025,MATCH($E11,学年度总表!$E$3:$E$1025,0))="","",INDEX(学年度总表!$K$3:$K$1025,MATCH($E11,学年度总表!$E$3:$E$1025,0))) -> 9.8 | L11: =IF(INDEX(学年度总表!$L$3:$L$1025,MATCH($E11,学年度总表!$E$3:$E$1025,0))="","",INDEX(学年度总表!$L$3:$L$1025,MATCH($E11,学年度总表!$E$3:$E$1025,0))) -> 67.27 | M11: =IF(INDEX(学年度总表!$M$3:$M$1025,MATCH($E11,学年度总表!$E$3:$E$1025,0))="","",INDEX(学年度总表!$M$3:$M$1025,MATCH($E11,学年度总表!$E$3:$E$1025,0))) -> 4.7 | N11: =IF(INDEX(学年度总表!$N$3:$N$1025,MATCH($E11,学年度总表!$E$3:$E$1025,0))="","",INDEX(学年度总表!$N$3:$N$1025,MATCH($E11,学年度总表!$E$3:$E$1025,0))) -> 81.77 | O11: =IF(INDEX(学年度总表!$O$3:$O$1025,MATCH($E11,学年度总表!$E$3:$E$1025,0))="","",INDEX(学年度总表!$O$3:$O$1025,MATCH($E11,学年度总表!$E$3:$E$1025,0))) -> 165.91 | P11: =IF(INDEX(学年度总表!$P$3:$P$1025,MATCH($E11,学年度总表!$E$3:$E$1025,0))="","",INDEX(学年度总表!$P$3:$P$1025,MATCH($E11,学年度总表!$E$3:$E$1025,0))) -> 校二等 | Q11: =IF(INDEX(学年度总表!$Q$3:$Q$1025,MATCH($E11,学年度总表!$E$3:$E$1025,0))="","",INDEX(学年度总表!$Q$3:$Q$1025,MATCH($E11,学年度总表!$E$3:$E$1025,0)))
A12: =IF(INDEX(学年度总表!$A$3:$A$1025,MATCH($E12,学年度总表!$E$3:$E$1025,0))="","",INDEX(学年度总表!$A$3:$A$1025,MATCH($E12,学年度总表!$E$3:$E$1025,0))) -> 38 | B12: =IF(INDEX(学年度总表!$B$3:$B$1025,MATCH($E12,学年度总表!$E$3:$E$1025,0))="","",INDEX(学年度总表!$B$3:$B$1025,MATCH($E12,学年度总表!$E$3:$E$1025,0))) -> 10 | C12: =IF(INDEX(学年度总表!$C$3:$C$1025,MATCH($E12,学年度总表!$E$3:$E$1025,0))="","",INDEX(学年度总表!$C$3:$C$1025,MATCH($E12,学年度总表!$E$3:$E$1025,0))) -> 信管 | D12: =IF(INDEX(学年度总表!$D$3:$D$1025,MATCH($E12,学年度总表!$E$3:$E$1025,0))="","",INDEX(学年度总表!$D$3:$D$1025,MATCH($E12,学年度总表!$E$3:$E$1025,0))) -> 信管24班 | E12: 250452419 | F12: =IF(INDEX(学年度总表!$F$3:$F$1025,MATCH($E12,学年度总表!$E$3:$E$1025,0))="","",INDEX(学年度总表!$F$3:$F$1025,MATCH($E12,学年度总表!$E$3:$E$1025,0))) -> 刘一鸣 | G12: =IF(INDEX(学年度总表!$G$3:$G$1025,MATCH($E12,学年度总表!$E$3:$E$1025,0))="","",INDEX(学年度总表!$G$3:$G$1025,MATCH($E12,学年度总表!$E$3:$E$1025,0))) -> 9.8 | H12: =IF(INDEX(学年度总表!$H$3:$H$1025,MATCH($E12,学年度总表!$E$3:$E$1025,0))="","",INDEX(学年度总表!$H$3:$H$1025,MATCH($E12,学年度总表!$E$3:$E$1025,0))) -> 68.73 | I12: =IF(INDEX(学年度总表!$I$3:$I$1025,MATCH($E12,学年度总表!$E$3:$E$1025,0))="","",INDEX(学年度总表!$I$3:$I$1025,MATCH($E12,学年度总表!$E$3:$E$1025,0))) -> 4.9 | J12: =IF(INDEX(学年度总表!$J$3:$J$1025,MATCH($E12,学年度总表!$E$3:$E$1025,0))="","",INDEX(学年度总表!$J$3:$J$1025,MATCH($E12,学年度总表!$E$3:$E$1025,0))) -> 83.43 | K12: =IF(INDEX(学年度总表!$K$3:$K$1025,MATCH($E12,学年度总表!$E$3:$E$1025,0))="","",INDEX(学年度总表!$K$3:$K$1025,MATCH($E12,学年度总表!$E$3:$E$1025,0))) -> 9.8 | L12: =IF(INDEX(学年度总表!$L$3:$L$1025,MATCH($E12,学年度总表!$E$3:$E$1025,0))="","",INDEX(学年度总表!$L$3:$L$1025,MATCH($E12,学年度总表!$E$3:$E$1025,0))) -> 66.52 | M12: =IF(INDEX(学年度总表!$M$3:$M$1025,MATCH($E12,学年度总表!$E$3:$E$1025,0))="","",INDEX(学年度总表!$M$3:$M$1025,MATCH($E12,学年度总表!$E$3:$E$1025,0))) -> 6.1 | N12: =IF(INDEX(学年度总表!$N$3:$N$1025,MATCH($E12,学年度总表!$E$3:$E$1025,0))="","",INDEX(学年度总表!$N$3:$N$1025,MATCH($E12,学年度总表!$E$3:$E$1025,0))) -> 82.42 | O12: =IF(INDEX(学年度总表!$O$3:$O$1025,MATCH($E12,学年度总表!$E$3:$E$1025,0))="","",INDEX(学年度总表!$O$3:$O$1025,MATCH($E12,学年度总表!$E$3:$E$1025,0))) -> 165.85 | P12: =IF(INDEX(学年度总表!$P$3:$P$1025,MATCH($E12,学年度总表!$E$3:$E$1025,0))="","",INDEX(学年度总表!$P$3:$P$1025,MATCH($E12,学年度总表!$E$3:$E$1025,0))) -> 校二等 | Q12: =IF(INDEX(学年度总表!$Q$3:$Q$1025,MATCH($E12,学年度总表!$E$3:$E$1025,0))="","",INDEX(学年度总表!$Q$3:$Q$1025,MATCH($E12,学年度总表!$E$3:$E$1025,0)))
A13: =IF(INDEX(学年度总表!$A$3:$A$1025,MATCH($E13,学年度总表!$E$3:$E$1025,0))="","",INDEX(学年度总表!$A$3:$A$1025,MATCH($E13,学年度总表!$E$3:$E$1025,0))) -> 39 | B13: =IF(INDEX(学年度总表!$B$3:$B$1025,MATCH($E13,学年度总表!$E$3:$E$1025,0))="","",INDEX(学年度总表!$B$3:$B$1025,MATCH($E13,学年度总表!$E$3:$E$1025,0))) -> 11 | C13: =IF(INDEX(学年度总表!$C$3:$C$1025,MATCH($E13,学年度总表!$E$3:$E$1025,0))="","",INDEX(学年度总表!$C$3:$C$1025,MATCH($E13,学年度总表!$E$3:$E$1025,0))) -> 信管 | D13: =IF(INDEX(学年度总表!$D$3:$D$1025,MATCH($E13,学年度总表!$E$3:$E$1025,0))="","",INDEX(学年度总表!$D$3:$D$1025,MATCH($E13,学年度总表!$E$3:$E$1025,0))) -> 信管28班 | E13: 250452813 | F13: =IF(INDEX(学年度总表!$F$3:$F$1025,MATCH($E13,学年度总表!$E$3:$E$1025,0))="","",INDEX(学年度总表!$F$3:$F$1025,MATCH($E13,学年度总表!$E$3:$E$1025,0))) -> 高乃姬 | G13: =IF(INDEX(学年度总表!$G$3:$G$1025,MATCH($E13,学年度总表!$E$3:$E$1025,0))="","",INDEX(学年度总表!$G$3:$G$1025,MATCH($E13,学年度总表!$E$3:$E$1025,0))) -> 9.8 | H13: =IF(INDEX(学年度总表!$H$3:$H$1025,MATCH($E13,学年度总表!$E$3:$E$1025,0))="","",INDEX(学年度总表!$H$3:$H$1025,MATCH($E13,学年度总表!$E$3:$E$1025,0))) -> 71.86 | I13: =IF(INDEX(学年度总表!$I$3:$I$1025,MATCH($E13,学年度总表!$E$3:$E$1025,0))="","",INDEX(学年度总表!$I$3:$I$1025,MATCH($E13,学年度总表!$E$3:$E$1025,0))) -> 4.2 | J13: =IF(INDEX(学年度总表!$J$3:$J$1025,MATCH($E13,学年度总表!$E$3:$E$1025,0))="","",INDEX(学年度总表!$J$3:$J$1025,MATCH($E13,学年度总表!$E$3:$E$1025,0))) -> 85.86 | K13: =IF(INDEX(学年度总表!$K$3:$K$1025,MATCH($E13,学年度总表!$E$3:$E$1025,0))="","",INDEX(学年度总表!$K$3:$K$1025,MATCH($E13,学年度总表!$E$3:$E$1025,0))) -> 9.8 | L13: =IF(INDEX(学年度总表!$L$3:$L$1025,MATCH($E13,学年度总表!$E$3:$E$1025,0))="","",INDEX(学年度总表!$L$3:$L$1025,MATCH($E13,学年度总表!$E$3:$E$1025,0))) -> 64.76 | M13: =IF(INDEX(学年度总表!$M$3:$M$1025,MATCH($E13,学年度总表!$E$3:$E$1025,0))="","",INDEX(学年度总表!$M$3:$M$1025,MATCH($E13,学年度总表!$E$3:$E$1025,0))) -> 5.1 | N13: =IF(INDEX(学年度总表!$N$3:$N$1025,MATCH($E13,学年度总表!$E$3:$E$1025,0))="","",INDEX(学年度总表!$N$3:$N$1025,MATCH($E13,学年度总表!$E$3:$E$1025,0))) -> 79.66 | O13: =IF(INDEX(学年度总表!$O$3:$O$1025,MATCH($E13,学年度总表!$E$3:$E$1025,0))="","",INDEX(学年度总表!$O$3:$O$1025,MATCH($E13,学年度总表!$E$3:$E$1025,0))) -> 165.52 | P13: =IF(INDEX(学年度总表!$P$3:$P$1025,MATCH($E13,学年度总表!$E$3:$E$1025,0))="","",INDEX(学年度总表!$P$3:$P$1025,MATCH($E13,学年度总表!$E$3:$E$1025,0))) -> 校二等 | Q13: =IF(INDEX(学年度总表!$Q$3:$Q$1025,MATCH($E13,学年度总表!$E$3:$E$1025,0))="","",INDEX(学年度总表!$Q$3:$Q$1025,MATCH($E13,学年度总表!$E$3:$E$1025,0)))
A14: =IF(INDEX(学年度总表!$A$3:$A$1025,MATCH($E14,学年度总表!$E$3:$E$1025,0))="","",INDEX(学年度总表!$A$3:$A$1025,MATCH($E14,学年度总表!$E$3:$E$1025,0))) -> 40 | B14: =IF(INDEX(学年度总表!$B$3:$B$1025,MATCH($E14,学年度总表!$E$3:$E$1025,0))="","",INDEX(学年度总表!$B$3:$B$1025,MATCH($E14,学年度总表!$E$3:$E$1025,0))) -> 12 | C14: =IF(INDEX(学年度总表!$C$3:$C$1025,MATCH($E14,学年度总表!$E$3:$E$1025,0))="","",INDEX(学年度总表!$C$3:$C$1025,MATCH($E14,学年度总表!$E$3:$E$1025,0))) -> 信管 | D14: =IF(INDEX(学年度总表!$D$3:$D$1025,MATCH($E14,学年度总表!$E$3:$E$1025,0))="","",INDEX(学年度总表!$D$3:$D$1025,MATCH($E14,学年度总表!$E$3:$E$1025,0))) -> 信管25班 | E14: 250452531 | F14: =IF(INDEX(学年度总表!$F$3:$F$1025,MATCH($E14,学年度总表!$E$3:$E$1025,0))="","",INDEX(学年度总表!$F$3:$F$1025,MATCH($E14,学年度总表!$E$3:$E$1025,0))) -> 刘书语 | G14: =IF(INDEX(学年度总表!$G$3:$G$1025,MATCH($E14,学年度总表!$E$3:$E$1025,0))="","",INDEX(学年度总表!$G$3:$G$1025,MATCH($E14,学年度总表!$E$3:$E$1025,0))) -> 9.8 | H14: =IF(INDEX(学年度总表!$H$3:$H$1025,MATCH($E14,学年度总表!$E$3:$E$1025,0))="","",INDEX(学年度总表!$H$3:$H$1025,MATCH($E14,学年度总表!$E$3:$E$1025,0))) -> 72.19 | I14: =IF(INDEX(学年度总表!$I$3:$I$1025,MATCH($E14,学年度总表!$E$3:$E$1025,0))="","",INDEX(学年度总表!$I$3:$I$1025,MATCH($E14,学年度总表!$E$3:$E$1025,0))) -> 4.2 | J14: =IF(INDEX(学年度总表!$J$3:$J$1025,MATCH($E14,学年度总表!$E$3:$E$1025,0))="","",INDEX(学年度总表!$J$3:$J$1025,MATCH($E14,学年度总表!$E$3:$E$1025,0))) -> 86.19 | K14: =IF(INDEX(学年度总表!$K$3:$K$1025,MATCH($E14,学年度总表!$E$3:$E$1025,0))="","",INDEX(学年度总表!$K$3:$K$1025,MATCH($E14,学年度总表!$E$3:$E$1025,0))) -> 9.8 | L14: =IF(INDEX(学年度总表!$L$3:$L$1025,MATCH($E14,学年度总表!$E$3:$E$1025,0))="","",INDEX(学年度总表!$L$3:$L$1025,MATCH($E14,学年度总表!$E$3:$E$1025,0))) -> 65.05 | M14: =IF(INDEX(学年度总表!$M$3:$M$1025,MATCH($E14,学年度总表!$E$3:$E$1025,0))="","",INDEX(学年度总表!$M$3:$M$1025,MATCH($E14,学年度总表!$E$3:$E$1025,0))) -> 4 | N14: =IF(INDEX(学年度总表!$N$3:$N$1025,MATCH($E14,学年度总表!$E$3:$E$1025,0))="","",INDEX(学年度总表!$N$3:$N$1025,MATCH($E14,学年度总表!$E$3:$E$1025,0))) -> 78.85 | O14: =IF(INDEX(学年度总表!$O$3:$O$1025,MATCH($E14,学年度总表!$E$3:$E$1025,0))="","",INDEX(学年度总表!$O$3:$O$1025,MATCH($E14,学年度总表!$E$3:$E$1025,0))) -> 165.04 | P14: =IF(INDEX(学年度总表!$P$3:$P$1025,MATCH($E14,学年度总表!$E$3:$E$1025,0))="","",INDEX(学年度总表!$P$3:$P$1025,MATCH($E14,学年度总表!$E$3:$E$1025,0))) -> 校二等 | Q14: =IF(INDEX(学年度总表!$Q$3:$Q$1025,MATCH($E14,学年度总表!$E$3:$E$1025,0))="","",INDEX(学年度总表!$Q$3:$Q$1025,MATCH($E14,学年度总表!$E$3:$E$1025,0)))
... A358: =IF(INDEX(学年度总表!$A$3:$A$1025,MATCH($E358,学年度总表!$E$3:$E$1025,0))="","",INDEX(学年度总表!$A$3:$A$1025,MATCH($E358,学年度总表!$E$3:$E$1025,0))) -> 988 | B358: =IF(INDEX(学年度总表!$B$3:$B$1025,MATCH($E358,学年度总表!$E$3:$E$1025,0))="","",INDEX(学年度总表!$B$3:$B$1025,MATCH($E358,学年度总表!$E$3:$E$1025,0))) -> 356 | C358: =IF(INDEX(学年度总表!$C$3:$C$1025,MATCH($E358,学年度总表!$E$3:$E$1025,0))="","",INDEX(学年度总表!$C$3:$C$1025,MATCH($E358,学年度总表!$E$3:$E$1025,0))) -> 信管 | D358: =IF(INDEX(学年度总表!$D$3:$D$1025,MATCH($E358,学年度总表!$E$3:$E$1025,0))="","",INDEX(学年度总表!$D$3:$D$1025,MATCH($E358,学年度总表!$E$3:$E$1025,0))) -> 信管21班 | E358: 250452135 | F358: =IF(INDEX(学年度总表!$F$3:$F$1025,MATCH($E358,学年度总表!$E$3:$E$1025,0))="","",INDEX(学年度总表!$F$3:$F$1025,MATCH($E358,学年度总表!$E$3:$E$1025,0))) -> 王铭慷 | G358: =IF(INDEX(学年度总表!$G$3:$G$1025,MATCH($E358,学年度总表!$E$3:$E$1025,0))="","",INDEX(学年度总表!$G$3:$G$1025,MATCH($E358,学年度总表!$E$3:$E$1025,0))) -> 10 | H358: =IF(INDEX(学年度总表!$H$3:$H$1025,MATCH($E358,学年度总表!$E$3:$E$1025,0))="","",INDEX(学年度总表!$H$3:$H$1025,MATCH($E358,学年度总表!$E$3:$E$1025,0))) -> 31.65 | I358: =IF(INDEX(学年度总表!$I$3:$I$1025,MATCH($E358,学年度总表!$E$3:$E$1025,0))="","",INDEX(学年度总表!$I$3:$I$1025,MATCH($E358,学年度总表!$E$3:$E$1025,0))) -> 3 | J358: =IF(INDEX(学年度总表!$J$3:$J$1025,MATCH($E358,学年度总表!$E$3:$E$1025,0))="","",INDEX(学年度总表!$J$3:$J$1025,MATCH($E358,学年度总表!$E$3:$E$1025,0))) -> 44.65 | K358: =IF(INDEX(学年度总表!$K$3:$K$1025,MATCH($E358,学年度总表!$E$3:$E$1025,0))="","",INDEX(学年度总表!$K$3:$K$1025,MATCH($E358,学年度总表!$E$3:$E$1025,0))) -> 10 | L358: =IF(INDEX(学年度总表!$L$3:$L$1025,MATCH($E358,学年度总表!$E$3:$E$1025,0))="","",INDEX(学年度总表!$L$3:$L$1025,MATCH($E358,学年度总表!$E$3:$E$1025,0))) -> 0 | M358: =IF(INDEX(学年度总表!$M$3:$M$1025,MATCH($E358,学年度总表!$E$3:$E$1025,0))="","",INDEX(学年度总表!$M$3:$M$1025,MATCH($E358,学年度总表!$E$3:$E$1025,0))) -> 3 | N358: =IF(INDEX(学年度总表!$N$3:$N$1025,MATCH($E358,学年度总表!$E$3:$E$1025,0))="","",INDEX(学年度总表!$N$3:$N$1025,MATCH($E358,学年度总表!$E$3:$E$1025,0))) -> 13 | O358: =IF(INDEX(学年度总表!$O$3:$O$1025,MATCH($E358,学年度总表!$E$3:$E$1025,0))="","",INDEX(学年度总表!$O$3:$O$1025,MATCH($E358,学年度总表!$E$3:$E$1025,0))) -> 57.65 | P358: =IF(INDEX(学年度总表!$P$3:$P$1025,MATCH($E358,学年度总表!$E$3:$E$1025,0))="","",INDEX(学年度总表!$P$3:$P$1025,MATCH($E358,学年度总表!$E$3:$E$1025,0))) | Q358: =IF(INDEX(学年度总表!$Q$3:$Q$1025,MATCH($E358,学年度总表!$E$3:$E$1025,0))="","",INDEX(学年度总表!$Q$3:$Q$1025,MATCH($E358,学年度总表!$E$3:$E$1025,0)))

Sheet 大数据排名
A1: 年级排名 | B1: 专业排名 | C1: 专业 | D1: 班级 | E1: 学号 | F1: 姓名 | G1: 大一上 | K1: 大一下 | O1: 学年总分 | P1: 奖学金 | Q1: 备注
G2: 品德总分 | H2: 学业总分 | I2: 文体总分 | J2: 综测总分 | K2: 品德总分 | L2: 学业总分 | M2: 文体总分 | N2: 综测总分
A3: =IF(INDEX(学年度总表!$A$3:$A$1025,MATCH($E3,学年度总表!$E$3:$E$1025,0))="","",INDEX(学年度总表!$A$3:$A$1025,MATCH($E3,学年度总表!$E$3:$E$1025,0))) -> 1 | B3: =IF(INDEX(学年度总表!$B$3:$B$1025,MATCH($E3,学年度总表!$E$3:$E$1025,0))="","",INDEX(学年度总表!$B$3:$B$1025,MATCH($E3,学年度总表!$E$3:$E$1025,0))) -> 1 | C3: =IF(INDEX(学年度总表!$C$3:$C$1025,MATCH($E3,学年度总表!$E$3:$E$1025,0))="","",INDEX(学年度总表!$C$3:$C$1025,MATCH($E3,学年度总表!$E$3:$E$1025,0))) -> 大数据 | D3: =IF(INDEX(学年度总表!$D$3:$D$1025,MATCH($E3,学年度总表!$E$3:$E$1025,0))="","",INDEX(学年度总表!$D$3:$D$1025,MATCH($E3,学年度总表!$E$3:$E$1025,0))) -> 大数据一班 | E3: 250460130 | F3: =IF(INDEX(学年度总表!$F$3:$F$1025,MATCH($E3,学年度总表!$E$3:$E$1025,0))="","",INDEX(学年度总表!$F$3:$F$1025,MATCH($E3,学年度总表!$E$3:$E$1025,0))) -> 丁灵 | G3: =IF(INDEX(学年度总表!$G$3:$G$1025,MATCH($E3,学年度总表!$E$3:$E$1025,0))="","",INDEX(学年度总表!$G$3:$G$1025,MATCH($E3,学年度总表!$E$3:$E$1025,0))) -> 9.8 | H3: =IF(INDEX(学年度总表!$H$3:$H$1025,MATCH($E3,学年度总表!$E$3:$E$1025,0))="","",INDEX(学年度总表!$H$3:$H$1025,MATCH($E3,学年度总表!$E$3:$E$1025,0))) -> 74.43 | I3: =IF(INDEX(学年度总表!$I$3:$I$1025,MATCH($E3,学年度总表!$E$3:$E$1025,0))="","",INDEX(学年度总表!$I$3:$I$1025,MATCH($E3,学年度总表!$E$3:$E$1025,0))) -> 5.1 | J3: =IF(INDEX(学年度总表!$J$3:$J$1025,MATCH($E3,学年度总表!$E$3:$E$1025,0))="","",INDEX(学年度总表!$J$3:$J$1025,MATCH($E3,学年度总表!$E$3:$E$1025,0))) -> 89.33 | K3: =IF(INDEX(学年度总表!$K$3:$K$1025,MATCH($E3,学年度总表!$E$3:$E$1025,0))="","",INDEX(学年度总表!$K$3:$K$1025,MATCH($E3,学年度总表!$E$3:$E$1025,0))) -> 9.8 | L3: =IF(INDEX(学年度总表!$L$3:$L$1025,MATCH($E3,学年度总表!$E$3:$E$1025,0))="","",INDEX(学年度总表!$L$3:$L$1025,MATCH($E3,学年度总表!$E$3:$E$1025,0))) -> 69.69 | M3: =IF(INDEX(学年度总表!$M$3:$M$1025,MATCH($E3,学年度总表!$E$3:$E$1025,0))="","",INDEX(学年度总表!$M$3:$M$1025,MATCH($E3,学年度总表!$E$3:$E$1025,0))) -> 6.6 | N3: =IF(INDEX(学年度总表!$N$3:$N$1025,MATCH($E3,学年度总表!$E$3:$E$1025,0))="","",INDEX(学年度总表!$N$3:$N$1025,MATCH($E3,学年度总表!$E$3:$E$1025,0))) -> 86.09 | O3: =IF(INDEX(学年度总表!$O$3:$O$1025,MATCH($E3,学年度总表!$E$3:$E$1025,0))="","",INDEX(学年度总表!$O$3:$O$1025,MATCH($E3,学年度总表!$E$3:$E$1025,0))) -> 175.42 | P3: =IF(INDEX(学年度总表!$P$3:$P$1025,MATCH($E3,学年度总表!$E$3:$E$1025,0))="","",INDEX(学年度总表!$P$3:$P$1025,MATCH($E3,学年度总表!$E$3:$E$1025,0))) -> 校一等 | Q3: =IF(INDEX(学年度总表!$Q$3:$Q$1025,MATCH($E3,学年度总表!$E$3:$E$1025,0))="","",INDEX(学年度总表!$Q$3:$Q$1025,MATCH($E3,学年度总表!$E$3:$E$1025,0)))
A4: =IF(INDEX(学年度总表!$A$3:$A$1025,MATCH($E4,学年度总表!$E$3:$E$1025,0))="","",INDEX(学年度总表!$A$3:$A$1025,MATCH($E4,学年度总表!$E$3:$E$1025,0))) -> 2 | B4: =IF(INDEX(学年度总表!$B$3:$B$1025,MATCH($E4,学年度总表!$E$3:$E$1025,0))="","",INDEX(学年度总表!$B$3:$B$1025,MATCH($E4,学年度总表!$E$3:$E$1025,0))) -> 2 | C4: =IF(INDEX(学年度总表!$C$3:$C$1025,MATCH($E4,学年度总表!$E$3:$E$1025,0))="","",INDEX(学年度总表!$C$3:$C$1025,MATCH($E4,学年度总表!$E$3:$E$1025,0))) -> 大数据 | D4: =IF(INDEX(学年度总表!$D$3:$D$1025,MATCH($E4,学年度总表!$E$3:$E$1025,0))="","",INDEX(学年度总表!$D$3:$D$1025,MATCH($E4,学年度总表!$E$3:$E$1025,0))) -> 大数据一班 | E4: 250460109 | F4: =IF(INDEX(学年度总表!$F$3:$F$1025,MATCH($E4,学年度总表!$E$3:$E$1025,0))="","",INDEX(学年度总表!$F$3:$F$1025,MATCH($E4,学年度总表!$E$3:$E$1025,0))) -> 盛玮洁 | G4: =IF(INDEX(学年度总表!$G$3:$G$1025,MATCH($E4,学年度总表!$E$3:$E$1025,0))="","",INDEX(学年度总表!$G$3:$G$1025,MATCH($E4,学年度总表!$E$3:$E$1025,0))) -> 13 | H4: =IF(INDEX(学年度总表!$H$3:$H$1025,MATCH($E4,学年度总表!$E$3:$E$1025,0))="","",INDEX(学年度总表!$H$3:$H$1025,MATCH($E4,学年度总表!$E$3:$E$1025,0))) -> 70.36 | I4: =IF(INDEX(学年度总表!$I$3:$I$1025,MATCH($E4,学年度总表!$E$3:$E$1025,0))="","",INDEX(学年度总表!$I$3:$I$1025,MATCH($E4,学年度总表!$E$3:$E$1025,0))) -> 5.4 | J4: =IF(INDEX(学年度总表!$J$3:$J$1025,MATCH($E4,学年度总表!$E$3:$E$1025,0))="","",INDEX(学年度总表!$J$3:$J$1025,MATCH($E4,学年度总表!$E$3:$E$1025,0))) -> 88.76 | K4: =IF(INDEX(学年度总表!$K$3:$K$1025,MATCH($E4,学年度总表!$E$3:$E$1025,0))="","",INDEX(学年度总表!$K$3:$K$1025,MATCH($E4,学年度总表!$E$3:$E$1025,0))) -> 12.5 | L4: =IF(INDEX(学年度总表!$L$3:$L$1025,MATCH($E4,学年度总表!$E$3:$E$1025,0))="","",INDEX(学年度总表!$L$3:$L$1025,MATCH($E4,学年度总表!$E$3:$E$1025,0))) -> 65.41 | M4: =IF(INDEX(学年度总表!$M$3:$M$1025,MATCH($E4,学年度总表!$E$3:$E$1025,0))="","",INDEX(学年度总表!$M$3:$M$1025,MATCH($E4,学年度总表!$E$3:$E$1025,0))) -> 7.5 | N4: =IF(INDEX(学年度总表!$N$3:$N$1025,MATCH($E4,学年度总表!$E$3:$E$1025,0))="","",INDEX(学年度总表!$N$3:$N$1025,MATCH($E4,学年度总表!$E$3:$E$1025,0))) -> 85.41 | O4: =IF(INDEX(学年度总表!$O$3:$O$1025,MATCH($E4,学年度总表!$E$3:$E$1025,0))="","",INDEX(学年度总表!$O$3:$O$1025,MATCH($E4,学年度总表!$E$3:$E$1025,0))) -> 174.17 | P4: =IF(INDEX(学年度总表!$P$3:$P$1025,MATCH($E4,学年度总表!$E$3:$E$1025,0))="","",INDEX(学年度总表!$P$3:$P$1025,MATCH($E4,学年度总表!$E$3:$E$1025,0))) -> 校二等 | Q4: =IF(INDEX(学年度总表!$Q$3:$Q$1025,MATCH($E4,学年度总表!$E$3:$E$1025,0))="","",INDEX(学年度总表!$Q$3:$Q$1025,MATCH($E4,学年度总表!$E$3:$E$1025,0)))
A5: =IF(INDEX(学年度总表!$A$3:$A$1025,MATCH($E5,学年度总表!$E$3:$E$1025,0))="","",INDEX(学年度总表!$A$3:$A$1025,MATCH($E5,学年度总表!$E$3:$E$1025,0))) -> 3 | B5: =IF(INDEX(学年度总表!$B$3:$B$1025,MATCH($E5,学年度总表!$E$3:$E$1025,0))="","",INDEX(学年度总表!$B$3:$B$1025,MATCH($E5,学年度总表!$E$3:$E$1025,0))) -> 3 | C5: =IF(INDEX(学年度总表!$C$3:$C$1025,MATCH($E5,学年度总表!$E$3:$E$1025,0))="","",INDEX(学年度总表!$C$3:$C$1025,MATCH($E5,学年度总表!$E$3:$E$1025,0))) -> 大数据 | D5: =IF(INDEX(学年度总表!$D$3:$D$1025,MATCH($E5,学年度总表!$E$3:$E$1025,0))="","",INDEX(学年度总表!$D$3:$D$1025,MATCH($E5,学年度总表!$E$3:$E$1025,0))) -> 大数据一班 | E5: 250460102 | F5: =IF(INDEX(学年度总表!$F$3:$F$1025,MATCH($E5,学年度总表!$E$3:$E$1025,0))="","",INDEX(学年度总表!$F$3:$F$1025,MATCH($E5,学年度总表!$E$3:$E$1025,0))) -> 刘梦溪 | G5: =IF(INDEX(学年度总表!$G$3:$G$1025,MATCH($E5,学年度总表!$E$3:$E$1025,0))="","",INDEX(学年度总表!$G$3:$G$1025,MATCH($E5,学年度总表!$E$3:$E$1025,0))) -> 9.8 | H5: =IF(INDEX(学年度总表!$H$3:$H$1025,MATCH($E5,学年度总表!$E$3:$E$1025,0))="","",INDEX(学年度总表!$H$3:$H$1025,MATCH($E5,学年度总表!$E$3:$E$1025,0))) -> 73.5 | I5: =IF(INDEX(学年度总表!$I$3:$I$1025,MATCH($E5,学年度总表!$E$3:$E$1025,0))="","",INDEX(学年度总表!$I$3:$I$1025,MATCH($E5,学年度总表!$E$3:$E$1025,0))) -> 4.2 | J5: =IF(INDEX(学年度总表!$J$3:$J$1025,MATCH($E5,学年度总表!$E$3:$E$1025,0))="","",INDEX(学年度总表!$J$3:$J$1025,MATCH($E5,学年度总表!$E$3:$E$1025,0))) -> 87.5 | K5: =IF(INDEX(学年度总表!$K$3:$K$1025,MATCH($E5,学年度总表!$E$3:$E$1025,0))="","",INDEX(学年度总表!$K$3:$K$1025,MATCH($E5,学年度总表!$E$3:$E$1025,0))) -> 9.8 | L5: =IF(INDEX(学年度总表!$L$3:$L$1025,MATCH($E5,学年度总表!$E$3:$E$1025,0))="","",INDEX(学年度总表!$L$3:$L$1025,MATCH($E5,学年度总表!$E$3:$E$1025,0))) -> 69.5 | M5: =IF(INDEX(学年度总表!$M$3:$M$1025,MATCH($E5,学年度总表!$E$3:$E$1025,0))="","",INDEX(学年度总表!$M$3:$M$1025,MATCH($E5,学年度总表!$E$3:$E$1025,0))) -> 5.3 | N5: =IF(INDEX(学年度总表!$N$3:$N$1025,MATCH($E5,学年度总表!$E$3:$E$1025,0))="","",INDEX(学年度总表!$N$3:$N$1025,MATCH($E5,学年度总表!$E$3:$E$1025,0))) -> 84.6 | O5: =IF(INDEX(学年度总表!$O$3:$O$1025,MATCH($E5,学年度总表!$E$3:$E$1025,0))="","",INDEX(学年度总表!$O$3:$O$1025,MATCH($E5,学年度总表!$E$3:$E$1025,0))) -> 172.1 | P5: =IF(INDEX(学年度总表!$P$3:$P$1025,MATCH($E5,学年度总表!$E$3:$E$1025,0))="","",INDEX(学年度总表!$P$3:$P$1025,MATCH($E5,学年度总表!$E$3:$E$1025,0))) -> 校三等 | Q5: =IF(INDEX(学年度总表!$Q$3:$Q$1025,MATCH($E5,学年度总表!$E$3:$E$1025,0))="","",INDEX(学年度总表!$Q$3:$Q$1025,MATCH($E5,学年度总表!$E$3:$E$1025,0)))
A6: =IF(INDEX(学年度总表!$A$3:$A$1025,MATCH($E6,学年度总表!$E$3:$E$1025,0))="","",INDEX(学年度总表!$A$3:$A$1025,MATCH($E6,学年度总表!$E$3:$E$1025,0))) -> 4 | B6: =IF(INDEX(学年度总表!$B$3:$B$1025,MATCH($E6,学年度总表!$E$3:$E$1025,0))="","",INDEX(学年度总表!$B$3:$B$1025,MATCH($E6,学年度总表!$E$3:$E$1025,0))) -> 4 | C6: =IF(INDEX(学年度总表!$C$3:$C$1025,MATCH($E6,学年度总表!$E$3:$E$1025,0))="","",INDEX(学年度总表!$C$3:$C$1025,MATCH($E6,学年度总表!$E$3:$E$1025,0))) -> 大数据 | D6: =IF(INDEX(学年度总表!$D$3:$D$1025,MATCH($E6,学年度总表!$E$3:$E$1025,0))="","",INDEX(学年度总表!$D$3:$D$1025,MATCH($E6,学年度总表!$E$3:$E$1025,0))) -> 大数据一班 | E6: 250460116 | F6: =IF(INDEX(学年度总表!$F$3:$F$1025,MATCH($E6,学年度总表!$E$3:$E$1025,0))="","",INDEX(学年度总表!$F$3:$F$1025,MATCH($E6,学年度总表!$E$3:$E$1025,0))) -> 杨诗桐 | G6: =IF(INDEX(学年度总表!$G$3:$G$1025,MATCH($E6,学年度总表!$E$3:$E$1025,0))="","",INDEX(学年度总表!$G$3:$G$1025,MATCH($E6,学年度总表!$E$3:$E$1025,0))) -> 9.8 | H6: =IF(INDEX(学年度总表!$H$3:$H$1025,MATCH($E6,学年度总表!$E$3:$E$1025,0))="","",INDEX(学年度总表!$H$3:$H$1025,MATCH($E6,学年度总表!$E$3:$E$1025,0))) -> 72.5 | I6: =IF(INDEX(学年度总表!$I$3:$I$1025,MATCH($E6,学年度总表!$E$3:$E$1025,0))="","",INDEX(学年度总表!$I$3:$I$1025,MATCH($E6,学年度总表!$E$3:$E$1025,0))) -> 3 | J6: =IF(INDEX(学年度总表!$J$3:$J$1025,MATCH($E6,学年度总表!$E$3:$E$1025,0))="","",INDEX(学年度总表!$J$3:$J$1025,MATCH($E6,学年度总表!$E$3:$E$1025,0))) -> 85.3 | K6: =IF(INDEX(学年度总表!$K$3:$K$1025,MATCH($E6,学年度总表!$E$3:$E$1025,0))="","",INDEX(学年度总表!$K$3:$K$1025,MATCH($E6,学年度总表!$E$3:$E$1025,0))) -> 9.8 | L6: =IF(INDEX(学年度总表!$L$3:$L$1025,MATCH($E6,学年度总表!$E$3:$E$1025,0))="","",INDEX(学年度总表!$L$3:$L$1025,MATCH($E6,学年度总表!$E$3:$E$1025,0))) -> 69.08 | M6: =IF(INDEX(学年度总表!$M$3:$M$1025,MATCH($E6,学年度总表!$E$3:$E$1025,0))="","",INDEX(学年度总表!$M$3:$M$1025,MATCH($E6,学年度总表!$E$3:$E$1025,0))) -> 3 | N6: =IF(INDEX(学年度总表!$N$3:$N$1025,MATCH($E6,学年度总表!$E$3:$E$1025,0))="","",INDEX(学年度总表!$N$3:$N$1025,MATCH($E6,学年度总表!$E$3:$E$1025,0))) -> 81.88 | O6: =IF(INDEX(学年度总表!$O$3:$O$1025,MATCH($E6,学年度总表!$E$3:$E$1025,0))="","",INDEX(学年度总表!$O$3:$O$1025,MATCH($E6,学年度总表!$E$3:$E$1025,0))) -> 167.18 | P6: =IF(INDEX(学年度总表!$P$3:$P$1025,MATCH($E6,学年度总表!$E$3:$E$1025,0))="","",INDEX(学年度总表!$P$3:$P$1025,MATCH($E6,学年度总表!$E$3:$E$1025,0))) -> 校三等 | Q6: =IF(INDEX(学年度总表!$Q$3:$Q$1025,MATCH($E6,学年度总表!$E$3:$E$1025,0))="","",INDEX(学年度总表!$Q$3:$Q$1025,MATCH($E6,学年度总表!$E$3:$E$1025,0)))
A7: =IF(INDEX(学年度总表!$A$3:$A$1025,MATCH($E7,学年度总表!$E$3:$E$1025,0))="","",INDEX(学年度总表!$A$3:$A$1025,MATCH($E7,学年度总表!$E$3:$E$1025,0))) -> 5 | B7: =IF(INDEX(学年度总表!$B$3:$B$1025,MATCH($E7,学年度总表!$E$3:$E$1025,0))="","",INDEX(学年度总表!$B$3:$B$1025,MATCH($E7,学年度总表!$E$3:$E$1025,0))) -> 5 | C7: =IF(INDEX(学年度总表!$C$3:$C$1025,MATCH($E7,学年度总表!$E$3:$E$1025,0))="","",INDEX(学年度总表!$C$3:$C$1025,MATCH($E7,学年度总表!$E$3:$E$1025,0))) -> 大数据 | D7: =IF(INDEX(学年度总表!$D$3:$D$1025,MATCH($E7,学年度总表!$E$3:$E$1025,0))="","",INDEX(学年度总表!$D$3:$D$1025,MATCH($E7,学年度总表!$E$3:$E$1025,0))) -> 大数据一班 | E7: 250460107 | F7: =IF(INDEX(学年度总表!$F$3:$F$1025,MATCH($E7,学年度总表!$E$3:$E$1025,0))="","",INDEX(学年度总表!$F$3:$F$1025,MATCH($E7,学年度总表!$E$3:$E$1025,0))) -> 林禹婷 | G7: =IF(INDEX(学年度总表!$G$3:$G$1025,MATCH($E7,学年度总表!$E$3:$E$1025,0))="","",INDEX(学年度总表!$G$3:$G$1025,MATCH($E7,学年度总表!$E$3:$E$1025,0))) -> 10.3 | H7: =IF(INDEX(学年度总表!$H$3:$H$1025,MATCH($E7,学年度总表!$E$3:$E$1025,0))="","",INDEX(学年度总表!$H$3:$H$1025,MATCH($E7,学年度总表!$E$3:$E$1025,0))) -> 67.87 | I7: =IF(INDEX(学年度总表!$I$3:$I$1025,MATCH($E7,学年度总表!$E$3:$E$1025,0))="","",INDEX(学年度总表!$I$3:$I$1025,MATCH($E7,学年度总表!$E$3:$E$1025,0))) -> 4 | J7: =IF(INDEX(学年度总表!$J$3:$J$1025,MATCH($E7,学年度总表!$E$3:$E$1025,0))="","",INDEX(学年度总表!$J$3:$J$1025,MATCH($E7,学年度总表!$E$3:$E$1025,0))) -> 82.17 | K7: =IF(INDEX(学年度总表!$K$3:$K$1025,MATCH($E7,学年度总表!$E$3:$E$1025,0))="","",INDEX(学年度总表!$K$3:$K$1025,MATCH($E7,学年度总表!$E$3:$E$1025,0))) -> 9.8 | L7: =IF(INDEX(学年度总表!$L$3:$L$1025,MATCH($E7,学年度总表!$E$3:$E$1025,0))="","",INDEX(学年度总表!$L$3:$L$1025,MATCH($E7,学年度总表!$E$3:$E$1025,0))) -> 67.52 | M7: =IF(INDEX(学年度总表!$M$3:$M$1025,MATCH($E7,学年度总表!$E$3:$E$1025,0))="","",INDEX(学年度总表!$M$3:$M$1025,MATCH($E7,学年度总表!$E$3:$E$1025,0))) -> 5.3 | N7: =IF(INDEX(学年度总表!$N$3:$N$1025,MATCH($E7,学年度总表!$E$3:$E$1025,0))="","",INDEX(学年度总表!$N$3:$N$1025,MATCH($E7,学年度总表!$E$3:$E$1025,0))) -> 82.62 | O7: =IF(INDEX(学年度总表!$O$3:$O$1025,MATCH($E7,学年度总表!$E$3:$E$1025,0))="","",INDEX(学年度总表!$O$3:$O$1025,MATCH($E7,学年度总表!$E$3:$E$1025,0))) -> 164.79 | P7: =IF(INDEX(学年度总表!$P$3:$P$1025,MATCH($E7,学年度总表!$E$3:$E$1025,0))="","",INDEX(学年度总表!$P$3:$P$1025,MATCH($E7,学年度总表!$E$3:$E$1025,0))) -> 校三等 | Q7: =IF(INDEX(学年度总表!$Q$3:$Q$1025,MATCH($E7,学年度总表!$E$3:$E$1025,0))="","",INDEX(学年度总表!$Q$3:$Q$1025,MATCH($E7,学年度总表!$E$3:$E$1025,0)))
A8: =IF(INDEX(学年度总表!$A$3:$A$1025,MATCH($E8,学年度总表!$E$3:$E$1025,0))="","",INDEX(学年度总表!$A$3:$A$1025,MATCH($E8,学年度总表!$E$3:$E$1025,0))) -> 6 | B8: =IF(INDEX(学年度总表!$B$3:$B$1025,MATCH($E8,学年度总表!$E$3:$E$1025,0))="","",INDEX(学年度总表!$B$3:$B$1025,MATCH($E8,学年度总表!$E$3:$E$1025,0))) -> 6 | C8: =IF(INDEX(学年度总表!$C$3:$C$1025,MATCH($E8,学年度总表!$E$3:$E$1025,0))="","",INDEX(学年度总表!$C$3:$C$1025,MATCH($E8,学年度总表!$E$3:$E$1025,0))) -> 大数据 | D8: =IF(INDEX(学年度总表!$D$3:$D$1025,MATCH($E8,学年度总表!$E$3:$E$1025,0))="","",INDEX(学年度总表!$D$3:$D$1025,MATCH($E8,学年度总表!$E$3:$E$1025,0))) -> 大数据一班 | E8: 250460115 | F8: =IF(INDEX(学年度总表!$F$3:$F$1025,MATCH($E8,学年度总表!$E$3:$E$1025,0))="","",INDEX(学年度总表!$F$3:$F$1025,MATCH($E8,学年度总表!$E$3:$E$1025,0))) -> 谭惠元 | G8: =IF(INDEX(学年度总表!$G$3:$G$1025,MATCH($E8,学年度总表!$E$3:$E$1025,0))="","",INDEX(学年度总表!$G$3:$G$1025,MATCH($E8,学年度总表!$E$3:$E$1025,0))) -> 9.8 | H8: =IF(INDEX(学年度总表!$H$3:$H$1025,MATCH($E8,学年度总表!$E$3:$E$1025,0))="","",INDEX(学年度总表!$H$3:$H$1025,MATCH($E8,学年度总表!$E$3:$E$1025,0))) -> 66.2 | I8: =IF(INDEX(学年度总表!$I$3:$I$1025,MATCH($E8,学年度总表!$E$3:$E$1025,0))="","",INDEX(学年度总表!$I$3:$I$1025,MATCH($E8,学年度总表!$E$3:$E$1025,0))) -> 6.85 | J8: =IF(INDEX(学年度总表!$J$3:$J$1025,MATCH($E8,学年度总表!$E$3:$E$1025,0))="","",INDEX(学年度总表!$J$3:$J$1025,MATCH($E8,学年度总表!$E$3:$E$1025,0))) -> 82.85 | K8: =IF(INDEX(学年度总表!$K$3:$K$1025,MATCH($E8,学年度总表!$E$3:$E$1025,0))="","",INDEX(学年度总表!$K$3:$K$1025,MATCH($E8,学年度总表!$E$3:$E$1025,0))) -> 11.3 | L8: =IF(INDEX(学年度总表!$L$3:$L$1025,MATCH($E8,学年度总表!$E$3:$E$1025,0))="","",INDEX(学年度总表!$L$3:$L$1025,MATCH($E8,学年度总表!$E$3:$E$1025,0))) -> 63.38 | M8: =IF(INDEX(学年度总表!$M$3:$M$1025,MATCH($E8,学年度总表!$E$3:$E$1025,0))="","",INDEX(学年度总表!$M$3:$M$1025,MATCH($E8,学年度总表!$E$3:$E$1025,0))) -> 7.1 | N8: =IF(INDEX(学年度总表!$N$3:$N$1025,MATCH($E8,学年度总表!$E$3:$E$1025,0))="","",INDEX(学年度总表!$N$3:$N$1025,MATCH($E8,学年度总表!$E$3:$E$1025,0))) -> 81.78 | O8: =IF(INDEX(学年度总表!$O$3:$O$1025,MATCH($E8,学年度总表!$E$3:$E$1025,0))="","",INDEX(学年度总表!$O$3:$O$1025,MATCH($E8,学年度总表!$E$3:$E$1025,0))) -> 164.63 | P8: =IF(INDEX(学年度总表!$P$3:$P$1025,MATCH($E8,学年度总表!$E$3:$E$1025,0))="","",INDEX(学年度总表!$P$3:$P$1025,MATCH($E8,学年度总表!$E$3:$E$1025,0))) | Q8: =IF(INDEX(学年度总表!$Q$3:$Q$1025,MATCH($E8,学年度总表!$E$3:$E$1025,0))="","",INDEX(学年度总表!$Q$3:$Q$1025,MATCH($E8,学年度总表!$E$3:$E$1025,0)))
A9: =IF(INDEX(学年度总表!$A$3:$A$1025,MATCH($E9,学年度总表!$E$3:$E$1025,0))="","",INDEX(学年度总表!$A$3:$A$1025,MATCH($E9,学年度总表!$E$3:$E$1025,0))) -> 7 | B9: =IF(INDEX(学年度总表!$B$3:$B$1025,MATCH($E9,学年度总表!$E$3:$E$1025,0))="","",INDEX(学年度总表!$B$3:$B$1025,MATCH($E9,学年度总表!$E$3:$E$1025,0))) -> 7 | C9: =IF(INDEX(学年度总表!$C$3:$C$1025,MATCH($E9,学年度总表!$E$3:$E$1025,0))="","",INDEX(学年度总表!$C$3:$C$1025,MATCH($E9,学年度总表!$E$3:$E$1025,0))) -> 大数据 | D9: =IF(INDEX(学年度总表!$D$3:$D$1025,MATCH($E9,学年度总表!$E$3:$E$1025,0))="","",INDEX(学年度总表!$D$3:$D$1025,MATCH($E9,学年度总表!$E$3:$E$1025,0))) -> 大数据一班 | E9: 250460124 | F9: =IF(INDEX(学年度总表!$F$3:$F$1025,MATCH($E9,学年度总表!$E$3:$E$1025,0))="","",INDEX(学年度总表!$F$3:$F$1025,MATCH($E9,学年度总表!$E$3:$E$1025,0))) -> 王思涵 | G9: =IF(INDEX(学年度总表!$G$3:$G$1025,MATCH($E9,学年度总表!$E$3:$E$1025,0))="","",INDEX(学年度总表!$G$3:$G$1025,MATCH($E9,学年度总表!$E$3:$E$1025,0))) -> 10.3 | H9: =IF(INDEX(学年度总表!$H$3:$H$1025,MATCH($E9,学年度总表!$E$3:$E$1025,0))="","",INDEX(学年度总表!$H$3:$H$1025,MATCH($E9,学年度总表!$E$3:$E$1025,0))) -> 66.5 | I9: =IF(INDEX(学年度总表!$I$3:$I$1025,MATCH($E9,学年度总表!$E$3:$E$1025,0))="","",INDEX(学年度总表!$I$3:$I$1025,MATCH($E9,学年度总表!$E$3:$E$1025,0))) -> 4.5 | J9: =IF(INDEX(学年度总表!$J$3:$J$1025,MATCH($E9,学年度总表!$E$3:$E$1025,0))="","",INDEX(学年度总表!$J$3:$J$1025,MATCH($E9,学年度总表!$E$3:$E$1025,0))) -> 81.3 | K9: =IF(INDEX(学年度总表!$K$3:$K$1025,MATCH($E9,学年度总表!$E$3:$E$1025,0))="","",INDEX(学年度总表!$K$3:$K$1025,MATCH($E9,学年度总表!$E$3:$E$1025,0))) -> 9.8 | L9: =IF(INDEX(学年度总表!$L$3:$L$1025,MATCH($E9,学年度总表!$E$3:$E$1025,0))="","",INDEX(学年度总表!$L$3:$L$1025,MATCH($E9,学年度总表!$E$3:$E$1025,0))) -> 61.49 | M9: =IF(INDEX(学年度总表!$M$3:$M$1025,MATCH($E9,学年度总表!$E$3:$E$1025,0))="","",INDEX(学年度总表!$M$3:$M$1025,MATCH($E9,学年度总表!$E$3:$E$1025,0))) -> 5.6 | N9: =IF(INDEX(学年度总表!$N$3:$N$1025,MATCH($E9,学年度总表!$E$3:$E$1025,0))="","",INDEX(学年度总表!$N$3:$N$1025,MATCH($E9,学年度总表!$E$3:$E$1025,0))) -> 76.89 | O9: =IF(INDEX(学年度总表!$O$3:$O$1025,MATCH($E9,学年度总表!$E$3:$E$1025,0))="","",INDEX(学年度总表!$O$3:$O$1025,MATCH($E9,学年度总表!$E$3:$E$1025,0))) -> 158.19 | P9: =IF(INDEX(学年度总表!$P$3:$P$1025,MATCH($E9,学年度总表!$E$3:$E$1025,0))="","",INDEX(学年度总表!$P$3:$P$1025,MATCH($E9,学年度总表!$E$3:$E$1025,0))) | Q9: =IF(INDEX(学年度总表!$Q$3:$Q$1025,MATCH($E9,学年度总表!$E$3:$E$1025,0))="","",INDEX(学年度总表!$Q$3:$Q$1025,MATCH($E9,学年度总表!$E$3:$E$1025,0)))
A10: =IF(INDEX(学年度总表!$A$3:$A$1025,MATCH($E10,学年度总表!$E$3:$E$1025,0))="","",INDEX(学年度总表!$A$3:$A$1025,MATCH($E10,学年度总表!$E$3:$E$1025,0))) -> 8 | B10: =IF(INDEX(学年度总表!$B$3:$B$1025,MATCH($E10,学年度总表!$E$3:$E$1025,0))="","",INDEX(学年度总表!$B$3:$B$1025,MATCH($E10,学年度总表!$E$3:$E$1025,0))) -> 8 | C10: =IF(INDEX(学年度总表!$C$3:$C$1025,MATCH($E10,学年度总表!$E$3:$E$1025,0))="","",INDEX(学年度总表!$C$3:$C$1025,MATCH($E10,学年度总表!$E$3:$E$1025,0))) -> 大数据 | D10: =IF(INDEX(学年度总表!$D$3:$D$1025,MATCH($E10,学年度总表!$E$3:$E$1025,0))="","",INDEX(学年度总表!$D$3:$D$1025,MATCH($E10,学年度总表!$E$3:$E$1025,0))) -> 大数据一班 | E10: 250460125 | F10: =IF(INDEX(学年度总表!$F$3:$F$1025,MATCH($E10,学年度总表!$E$3:$E$1025,0))="","",INDEX(学年度总表!$F$3:$F$1025,MATCH($E10,学年度总表!$E$3:$E$1025,0))) -> 王晓蝶 | G10: =IF(INDEX(学年度总表!$G$3:$G$1025,MATCH($E10,学年度总表!$E$3:$E$1025,0))="","",INDEX(学年度总表!$G$3:$G$1025,MATCH($E10,学年度总表!$E$3:$E$1025,0))) -> 10 | H10: =IF(INDEX(学年度总表!$H$3:$H$1025,MATCH($E10,学年度总表!$E$3:$E$1025,0))="","",INDEX(学年度总表!$H$3:$H$1025,MATCH($E10,学年度总表!$E$3:$E$1025,0))) -> 66.73 | I10: =IF(INDEX(学年度总表!$I$3:$I$1025,MATCH($E10,学年度总表!$E$3:$E$1025,0))="","",INDEX(学年度总表!$I$3:$I$1025,MATCH($E10,学年度总表!$E$3:$E$1025,0))) -> 3 | J10: =IF(INDEX(学年度总表!$J$3:$J$1025,MATCH($E10,学年度总表!$E$3:$E$1025,0))="","",INDEX(学年度总表!$J$3:$J$1025,MATCH($E10,学年度总表!$E$3:$E$1025,0))) -> 79.73 | K10: =IF(INDEX(学年度总表!$K$3:$K$1025,MATCH($E10,学年度总表!$E$3:$E$1025,0))="","",INDEX(学年度总表!$K$3:$K$1025,MATCH($E10,学年度总表!$E$3:$E$1025,0))) -> 10 | L10: =IF(INDEX(学年度总表!$L$3:$L$1025,MATCH($E10,学年度总表!$E$3:$E$1025,0))="","",INDEX(学年度总表!$L$3:$L$1025,MATCH($E10,学年度总表!$E$3:$E$1025,0))) -> 64.62 | M10: =IF(INDEX(学年度总表!$M$3:$M$1025,MATCH($E10,学年度总表!$E$3:$E$1025,0))="","",INDEX(学年度总表!$M$3:$M$1025,MATCH($E10,学年度总表!$E$3:$E$1025,0))) -> 3.7 | N10: =IF(INDEX(学年度总表!$N$3:$N$1025,MATCH($E10,学年度总表!$E$3:$E$1025,0))="","",INDEX(学年度总表!$N$3:$N$1025,MATCH($E10,学年度总表!$E$3:$E$1025,0))) -> 78.32 | O10: =IF(INDEX(学年度总表!$O$3:$O$1025,MATCH($E10,学年度总表!$E$3:$E$1025,0))="","",INDEX(学年度总表!$O$3:$O$1025,MATCH($E10,学年度总表!$E$3:$E$1025,0))) -> 158.05 | P10: =IF(INDEX(学年度总表!$P$3:$P$1025,MATCH($E10,学年度总表!$E$3:$E$1025,0))="","",INDEX(学年度总表!$P$3:$P$1025,MATCH($E10,学年度总表!$E$3:$E$1025,0))) | Q10: =IF(INDEX(学年度总表!$Q$3:$Q$1025,MATCH($E10,学年度总表!$E$3:$E$1025,0))="","",INDEX(学年度总表!$Q$3:$Q$1025,MATCH($E10,学年度总表!$E$3:$E$1025,0)))
A11: =IF(INDEX(学年度总表!$A$3:$A$1025,MATCH($E11,学年度总表!$E$3:$E$1025,0))="","",INDEX(学年度总表!$A$3:$A$1025,MATCH($E11,学年度总表!$E$3:$E$1025,0))) -> 9 | B11: =IF(INDEX(学年度总表!$B$3:$B$1025,MATCH($E11,学年度总表!$E$3:$E$1025,0))="","",INDEX(学年度总表!$B$3:$B$1025,MATCH($E11,学年度总表!$E$3:$E$1025,0))) -> 9 | C11: =IF(INDEX(学年度总表!$C$3:$C$1025,MATCH($E11,学年度总表!$E$3:$E$1025,0))="","",INDEX(学年度总表!$C$3:$C$1025,MATCH($E11,学年度总表!$E$3:$E$1025,0))) -> 大数据 | D11: =IF(INDEX(学年度总表!$D$3:$D$1025,MATCH($E11,学年度总表!$E$3:$E$1025,0))="","",INDEX(学年度总表!$D$3:$D$1025,MATCH($E11,学年度总表!$E$3:$E$1025,0))) -> 大数据一班 | E11: 250460118 | F11: =IF(INDEX(学年度总表!$F$3:$F$1025,MATCH($E11,学年度总表!$E$3:$E$1025,0))="","",INDEX(学年度总表!$F$3:$F$1025,MATCH($E11,学年度总表!$E$3:$E$1025,0))) -> 王子淇 | G11: =IF(INDEX(学年度总表!$G$3:$G$1025,MATCH($E11,学年度总表!$E$3:$E$1025,0))="","",INDEX(学年度总表!$G$3:$G$1025,MATCH($E11,学年度总表!$E$3:$E$1025,0))) -> 9.8 | H11: =IF(INDEX(学年度总表!$H$3:$H$1025,MATCH($E11,学年度总表!$E$3:$E$1025,0))="","",INDEX(学年度总表!$H$3:$H$1025,MATCH($E11,学年度总表!$E$3:$E$1025,0))) -> 64.53 | I11: =IF(INDEX(学年度总表!$I$3:$I$1025,MATCH($E11,学年度总表!$E$3:$E$1025,0))="","",INDEX(学年度总表!$I$3:$I$1025,MATCH($E11,学年度总表!$E$3:$E$1025,0))) -> 4.6 | J11: =IF(INDEX(学年度总表!$J$3:$J$1025,MATCH($E11,学年度总表!$E$3:$E$1025,0))="","",INDEX(学年度总表!$J$3:$J$1025,MATCH($E11,学年度总表!$E$3:$E$1025,0))) -> 78.93 | K11: =IF(INDEX(学年度总表!$K$3:$K$1025,MATCH($E11,学年度总表!$E$3:$E$1025,0))="","",INDEX(学年度总表!$K$3:$K$1025,MATCH($E11,学年度总表!$E$3:$E$1025,0))) -> 9.8 | L11: =IF(INDEX(学年度总表!$L$3:$L$1025,MATCH($E11,学年度总表!$E$3:$E$1025,0))="","",INDEX(学年度总表!$L$3:$L$1025,MATCH($E11,学年度总表!$E$3:$E$1025,0))) -> 63.98 | M11: =IF(INDEX(学年度总表!$M$3:$M$1025,MATCH($E11,学年度总表!$E$3:$E$1025,0))="","",INDEX(学年度总表!$M$3:$M$1025,MATCH($E11,学年度总表!$E$3:$E$1025,0))) -> 4.8 | N11: =IF(INDEX(学年度总表!$N$3:$N$1025,MATCH($E11,学年度总表!$E$3:$E$1025,0))="","",INDEX(学年度总表!$N$3:$N$1025,MATCH($E11,学年度总表!$E$3:$E$1025,0))) -> 78.58 | O11: =IF(INDEX(学年度总表!$O$3:$O$1025,MATCH($E11,学年度总表!$E$3:$E$1025,0))="","",INDEX(学年度总表!$O$3:$O$1025,MATCH($E11,学年度总表!$E$3:$E$1025,0))) -> 157.51 | P11: =IF(INDEX(学年度总表!$P$3:$P$1025,MATCH($E11,学年度总表!$E$3:$E$1025,0))="","",INDEX(学年度总表!$P$3:$P$1025,MATCH($E11,学年度总表!$E$3:$E$1025,0))) | Q11: =IF(INDEX(学年度总表!$Q$3:$Q$1025,MATCH($E11,学年度总表!$E$3:$E$1025,0))="","",INDEX(学年度总表!$Q$3:$Q$1025,MATCH($E11,学年度总表!$E$3:$E$1025,0)))
A12: =IF(INDEX(学年度总表!$A$3:$A$1025,MATCH($E12,学年度总表!$E$3:$E$1025,0))="","",INDEX(学年度总表!$A$3:$A$1025,MATCH($E12,学年度总表!$E$3:$E$1025,0))) -> 10 | B12: =IF(INDEX(学年度总表!$B$3:$B$1025,MATCH($E12,学年度总表!$E$3:$E$1025,0))="","",INDEX(学年度总表!$B$3:$B$1025,MATCH($E12,学年度总表!$E$3:$E$1025,0))) -> 10 | C12: =IF(INDEX(学年度总表!$C$3:$C$1025,MATCH($E12,学年度总表!$E$3:$E$1025,0))="","",INDEX(学年度总表!$C$3:$C$1025,MATCH($E12,学年度总表!$E$3:$E$1025,0))) -> 大数据 | D12: =IF(INDEX(学年度总表!$D$3:$D$1025,MATCH($E12,学年度总表!$E$3:$E$1025,0))="","",INDEX(学年度总表!$D$3:$D$1025,MATCH($E12,学年度总表!$E$3:$E$1025,0))) -> 大数据一班 | E12: 250460104 | F12: =IF(INDEX(学年度总表!$F$3:$F$1025,MATCH($E12,学年度总表!$E$3:$E$1025,0))="","",INDEX(学年度总表!$F$3:$F$1025,MATCH($E12,学年度总表!$E$3:$E$1025,0))) -> 陈禹希 | G12: =IF(INDEX(学年度总表!$G$3:$G$1025,MATCH($E12,学年度总表!$E$3:$E$1025,0))="","",INDEX(学年度总表!$G$3:$G$1025,MATCH($E12,学年度总表!$E$3:$E$1025,0))) -> 9.8 | H12: =IF(INDEX(学年度总表!$H$3:$H$1025,MATCH($E12,学年度总表!$E$3:$E$1025,0))="","",INDEX(学年度总表!$H$3:$H$1025,MATCH($E12,学年度总表!$E$3:$E$1025,0))) -> 65.85 | I12: =IF(INDEX(学年度总表!$I$3:$I$1025,MATCH($E12,学年度总表!$E$3:$E$1025,0))="","",INDEX(学年度总表!$I$3:$I$1025,MATCH($E12,学年度总表!$E$3:$E$1025,0))) -> 3 | J12: =IF(INDEX(学年度总表!$J$3:$J$1025,MATCH($E12,学年度总表!$E$3:$E$1025,0))="","",INDEX(学年度总表!$J$3:$J$1025,MATCH($E12,学年度总表!$E$3:$E$1025,0))) -> 78.65 | K12: =IF(INDEX(学年度总表!$K$3:$K$1025,MATCH($E12,学年度总表!$E$3:$E$1025,0))="","",INDEX(学年度总表!$K$3:$K$1025,MATCH($E12,学年度总表!$E$3:$E$1025,0))) -> 10.8 | L12: =IF(INDEX(学年度总表!$L$3:$L$1025,MATCH($E12,学年度总表!$E$3:$E$1025,0))="","",INDEX(学年度总表!$L$3:$L$1025,MATCH($E12,学年度总表!$E$3:$E$1025,0))) -> 64.17 | M12: =IF(INDEX(学年度总表!$M$3:$M$1025,MATCH($E12,学年度总表!$E$3:$E$1025,0))="","",INDEX(学年度总表!$M$3:$M$1025,MATCH($E12,学年度总表!$E$3:$E$1025,0))) -> 3.8 | N12: =IF(INDEX(学年度总表!$N$3:$N$1025,MATCH($E12,学年度总表!$E$3:$E$1025,0))="","",INDEX(学年度总表!$N$3:$N$1025,MATCH($E12,学年度总表!$E$3:$E$1025,0))) -> 78.77 | O12: =IF(INDEX(学年度总表!$O$3:$O$1025,MATCH($E12,学年度总表!$E$3:$E$1025,0))="","",INDEX(学年度总表!$O$3:$O$1025,MATCH($E12,学年度总表!$E$3:$E$1025,0))) -> 157.42 | P12: =IF(INDEX(学年度总表!$P$3:$P$1025,MATCH($E12,学年度总表!$E$3:$E$1025,0))="","",INDEX(学年度总表!$P$3:$P$1025,MATCH($E12,学年度总表!$E$3:$E$1025,0))) | Q12: =IF(INDEX(学年度总表!$Q$3:$Q$1025,MATCH($E12,学年度总表!$E$3:$E$1025,0))="","",INDEX(学年度总表!$Q$3:$Q$1025,MATCH($E12,学年度总表!$E$3:$E$1025,0)))
A13: =IF(INDEX(学年度总表!$A$3:$A$1025,MATCH($E13,学年度总表!$E$3:$E$1025,0))="","",INDEX(学年度总表!$A$3:$A$1025,MATCH($E13,学年度总表!$E$3:$E$1025,0))) -> 11 | B13: =IF(INDEX(学年度总表!$B$3:$B$1025,MATCH($E13,学年度总表!$E$3:$E$1025,0))="","",INDEX(学年度总表!$B$3:$B$1025,MATCH($E13,学年度总表!$E$3:$E$1025,0))) -> 11 | C13: =IF(INDEX(学年度总表!$C$3:$C$1025,MATCH($E13,学年度总表!$E$3:$E$1025,0))="","",INDEX(学年度总表!$C$3:$C$1025,MATCH($E13,学年度总表!$E$3:$E$1025,0))) -> 大数据 | D13: =IF(INDEX(学年度总表!$D$3:$D$1025,MATCH($E13,学年度总表!$E$3:$E$1025,0))="","",INDEX(学年度总表!$D$3:$D$1025,MATCH($E13,学年度总表!$E$3:$E$1025,0))) -> 大数据一班 | E13: 250460120 | F13: =IF(INDEX(学年度总表!$F$3:$F$1025,MATCH($E13,学年度总表!$E$3:$E$1025,0))="","",INDEX(学年度总表!$F$3:$F$1025,MATCH($E13,学年度总表!$E$3:$E$1025,0))) -> 周围禾 | G13: =IF(INDEX(学年度总表!$G$3:$G$1025,MATCH($E13,学年度总表!$E$3:$E$1025,0))="","",INDEX(学年度总表!$G$3:$G$1025,MATCH($E13,学年度总表!$E$3:$E$1025,0))) -> 10.8 | H13: =IF(INDEX(学年度总表!$H$3:$H$1025,MATCH($E13,学年度总表!$E$3:$E$1025,0))="","",INDEX(学年度总表!$H$3:$H$1025,MATCH($E13,学年度总表!$E$3:$E$1025,0))) -> 65.81 | I13: =IF(INDEX(学年度总表!$I$3:$I$1025,MATCH($E13,学年度总表!$E$3:$E$1025,0))="","",INDEX(学年度总表!$I$3:$I$1025,MATCH($E13,学年度总表!$E$3:$E$1025,0))) -> 5 | J13: =IF(INDEX(学年度总表!$J$3:$J$1025,MATCH($E13,学年度总表!$E$3:$E$1025,0))="","",INDEX(学年度总表!$J$3:$J$1025,MATCH($E13,学年度总表!$E$3:$E$1025,0))) -> 81.61 | K13: =IF(INDEX(学年度总表!$K$3:$K$1025,MATCH($E13,学年度总表!$E$3:$E$1025,0))="","",INDEX(学年度总表!$K$3:$K$1025,MATCH($E13,学年度总表!$E$3:$E$1025,0))) -> 9.8 | L13: =IF(INDEX(学年度总表!$L$3:$L$1025,MATCH($E13,学年度总表!$E$3:$E$1025,0))="","",INDEX(学年度总表!$L$3:$L$1025,MATCH($E13,学年度总表!$E$3:$E$1025,0))) -> 59.88 | M13: =IF(INDEX(学年度总表!$M$3:$M$1025,MATCH($E13,学年度总表!$E$3:$E$1025,0))="","",INDEX(学年度总表!$M$3:$M$1025,MATCH($E13,学年度总表!$E$3:$E$1025,0))) -> 5.5 | N13: =IF(INDEX(学年度总表!$N$3:$N$1025,MATCH($E13,学年度总表!$E$3:$E$1025,0))="","",INDEX(学年度总表!$N$3:$N$1025,MATCH($E13,学年度总表!$E$3:$E$1025,0))) -> 75.18 | O13: =IF(INDEX(学年度总表!$O$3:$O$1025,MATCH($E13,学年度总表!$E$3:$E$1025,0))="","",INDEX(学年度总表!$O$3:$O$1025,MATCH($E13,学年度总表!$E$3:$E$1025,0))) -> 156.79 | P13: =IF(INDEX(学年度总表!$P$3:$P$1025,MATCH($E13,学年度总表!$E$3:$E$1025,0))="","",INDEX(学年度总表!$P$3:$P$1025,MATCH($E13,学年度总表!$E$3:$E$1025,0))) | Q13: =IF(INDEX(学年度总表!$Q$3:$Q$1025,MATCH($E13,学年度总表!$E$3:$E$1025,0))="","",INDEX(学年度总表!$Q$3:$Q$1025,MATCH($E13,学年度总表!$E$3:$E$1025,0)))
A14: =IF(INDEX(学年度总表!$A$3:$A$1025,MATCH($E14,学年度总表!$E$3:$E$1025,0))="","",INDEX(学年度总表!$A$3:$A$1025,MATCH($E14,学年度总表!$E$3:$E$1025,0))) -> 12 | B14: =IF(INDEX(学年度总表!$B$3:$B$1025,MATCH($E14,学年度总表!$E$3:$E$1025,0))="","",INDEX(学年度总表!$B$3:$B$1025,MATCH($E14,学年度总表!$E$3:$E$1025,0))) -> 12 | C14: =IF(INDEX(学年度总表!$C$3:$C$1025,MATCH($E14,学年度总表!$E$3:$E$1025,0))="","",INDEX(学年度总表!$C$3:$C$1025,MATCH($E14,学年度总表!$E$3:$E$1025,0))) -> 大数据 | D14: =IF(INDEX(学年度总表!$D$3:$D$1025,MATCH($E14,学年度总表!$E$3:$E$1025,0))="","",INDEX(学年度总表!$D$3:$D$1025,MATCH($E14,学年度总表!$E$3:$E$1025,0))) -> 大数据一班 | E14: 250460101 | F14: =IF(INDEX(学年度总表!$F$3:$F$1025,MATCH($E14,学年度总表!$E$3:$E$1025,0))="","",INDEX(学年度总表!$F$3:$F$1025,MATCH($E14,学年度总表!$E$3:$E$1025,0))) -> 崔越 | G14: =IF(INDEX(学年度总表!$G$3:$G$1025,MATCH($E14,学年度总表!$E$3:$E$1025,0))="","",INDEX(学年度总表!$G$3:$G$1025,MATCH($E14,学年度总表!$E$3:$E$1025,0))) -> 9.8 | H14: =IF(INDEX(学年度总表!$H$3:$H$1025,MATCH($E14,学年度总表!$E$3:$E$1025,0))="","",INDEX(学年度总表!$H$3:$H$1025,MATCH($E14,学年度总表!$E$3:$E$1025,0))) -> 68.6 | I14: =IF(INDEX(学年度总表!$I$3:$I$1025,MATCH($E14,学年度总表!$E$3:$E$1025,0))="","",INDEX(学年度总表!$I$3:$I$1025,MATCH($E14,学年度总表!$E$3:$E$1025,0))) -> 3 | J14: =IF(INDEX(学年度总表!$J$3:$J$1025,MATCH($E14,学年度总表!$E$3:$E$1025,0))="","",INDEX(学年度总表!$J$3:$J$1025,MATCH($E14,学年度总表!$E$3:$E$1025,0))) -> 81.4 | K14: =IF(INDEX(学年度总表!$K$3:$K$1025,MATCH($E14,学年度总表!$E$3:$E$1025,0))="","",INDEX(学年度总表!$K$3:$K$1025,MATCH($E14,学年度总表!$E$3:$E$1025,0))) -> 9.8 | L14: =IF(INDEX(学年度总表!$L$3:$L$1025,MATCH($E14,学年度总表!$E$3:$E$1025,0))="","",INDEX(学年度总表!$L$3:$L$1025,MATCH($E14,学年度总表!$E$3:$E$1025,0))) -> 61.24 | M14: =IF(INDEX(学年度总表!$M$3:$M$1025,MATCH($E14,学年度总表!$E$3:$E$1025,0))="","",INDEX(学年度总表!$M$3:$M$1025,MATCH($E14,学年度总表!$E$3:$E$1025,0))) -> 3.5 | N14: =IF(INDEX(学年度总表!$N$3:$N$1025,MATCH($E14,学年度总表!$E$3:$E$1025,0))="","",INDEX(学年度总表!$N$3:$N$1025,MATCH($E14,学年度总表!$E$3:$E$1025,0))) -> 74.54 | O14: =IF(INDEX(学年度总表!$O$3:$O$1025,MATCH($E14,学年度总表!$E$3:$E$1025,0))="","",INDEX(学年度总表!$O$3:$O$1025,MATCH($E14,学年度总表!$E$3:$E$1025,0))) -> 155.94 | P14: =IF(INDEX(学年度总表!$P$3:$P$1025,MATCH($E14,学年度总表!$E$3:$E$1025,0))="","",INDEX(学年度总表!$P$3:$P$1025,MATCH($E14,学年度总表!$E$3:$E$1025,0))) | Q14: =IF(INDEX(学年度总表!$Q$3:$Q$1025,MATCH($E14,学年度总表!$E$3:$E$1025,0))="","",INDEX(学年度总表!$Q$3:$Q$1025,MATCH($E14,学年度总表!$E$3:$E$1025,0)))
... A32: =IF(INDEX(学年度总表!$A$3:$A$1025,MATCH($E32,学年度总表!$E$3:$E$1025,0))="","",INDEX(学年度总表!$A$3:$A$1025,MATCH($E32,学年度总表!$E$3:$E$1025,0))) -> 30 | B32: =IF(INDEX(学年度总表!$B$3:$B$1025,MATCH($E32,学年度总表!$E$3:$E$1025,0))="","",INDEX(学年度总表!$B$3:$B$1025,MATCH($E32,学年度总表!$E$3:$E$1025,0))) -> 30 | C32: =IF(INDEX(学年度总表!$C$3:$C$1025,MATCH($E32,学年度总表!$E$3:$E$1025,0))="","",INDEX(学年度总表!$C$3:$C$1025,MATCH($E32,学年度总表!$E$3:$E$1025,0))) -> 大数据 | D32: =IF(INDEX(学年度总表!$D$3:$D$1025,MATCH($E32,学年度总表!$E$3:$E$1025,0))="","",INDEX(学年度总表!$D$3:$D$1025,MATCH($E32,学年度总表!$E$3:$E$1025,0))) -> 大数据一班 | E32: 250460106 | F32: =IF(INDEX(学年度总表!$F$3:$F$1025,MATCH($E32,学年度总表!$E$3:$E$1025,0))="","",INDEX(学年度总表!$F$3:$F$1025,MATCH($E32,学年度总表!$E$3:$E$1025,0))) -> 孟秋实 | G32: =IF(INDEX(学年度总表!$G$3:$G$1025,MATCH($E32,学年度总表!$E$3:$E$1025,0))="","",INDEX(学年度总表!$G$3:$G$1025,MATCH($E32,学年度总表!$E$3:$E$1025,0))) -> 9.4 | H32: =IF(INDEX(学年度总表!$H$3:$H$1025,MATCH($E32,学年度总表!$E$3:$E$1025,0))="","",INDEX(学年度总表!$H$3:$H$1025,MATCH($E32,学年度总表!$E$3:$E$1025,0))) -> 55.8 | I32: =IF(INDEX(学年度总表!$I$3:$I$1025,MATCH($E32,学年度总表!$E$3:$E$1025,0))="","",INDEX(学年度总表!$I$3:$I$1025,MATCH($E32,学年度总表!$E$3:$E$1025,0))) -> 3 | J32: =IF(INDEX(学年度总表!$J$3:$J$1025,MATCH($E32,学年度总表!$E$3:$E$1025,0))="","",INDEX(学年度总表!$J$3:$J$1025,MATCH($E32,学年度总表!$E$3:$E$1025,0))) -> 68.2 | K32: =IF(INDEX(学年度总表!$K$3:$K$1025,MATCH($E32,学年度总表!$E$3:$E$1025,0))="","",INDEX(学年度总表!$K$3:$K$1025,MATCH($E32,学年度总表!$E$3:$E$1025,0))) -> 7.3 | L32: =IF(INDEX(学年度总表!$L$3:$L$1025,MATCH($E32,学年度总表!$E$3:$E$1025,0))="","",INDEX(学年度总表!$L$3:$L$1025,MATCH($E32,学年度总表!$E$3:$E$1025,0))) -> 46.35 | M32: =IF(INDEX(学年度总表!$M$3:$M$1025,MATCH($E32,学年度总表!$E$3:$E$1025,0))="","",INDEX(学年度总表!$M$3:$M$1025,MATCH($E32,学年度总表!$E$3:$E$1025,0))) -> 3 | N32: =IF(INDEX(学年度总表!$N$3:$N$1025,MATCH($E32,学年度总表!$E$3:$E$1025,0))="","",INDEX(学年度总表!$N$3:$N$1025,MATCH($E32,学年度总表!$E$3:$E$1025,0))) -> 56.65 | O32: =IF(INDEX(学年度总表!$O$3:$O$1025,MATCH($E32,学年度总表!$E$3:$E$1025,0))="","",INDEX(学年度总表!$O$3:$O$1025,MATCH($E32,学年度总表!$E$3:$E$1025,0))) -> 124.85 | P32: =IF(INDEX(学年度总表!$P$3:$P$1025,MATCH($E32,学年度总表!$E$3:$E$1025,0))="","",INDEX(学年度总表!$P$3:$P$1025,MATCH($E32,学年度总表!$E$3:$E$1025,0))) | Q32: =IF(INDEX(学年度总表!$Q$3:$Q$1025,MATCH($E32,学年度总表!$E$3:$E$1025,0))="","",INDEX(学年度总表!$Q$3:$Q$1025,MATCH($E32,学年度总表!$E$3:$E$1025,0)))
